{"_format":"","paths":{"artifacts":"out","build_infos":"out/build-info","sources":"src","tests":"test","scripts":"script","libraries":["lib"]},"files":{"lib/forge-std/lib/ds-test/src/test.sol":{"lastModificationDate":1729575267000,"contentHash":"9febff9d09f18af5306669dc276c4c43","sourceName":"lib/forge-std/lib/ds-test/src/test.sol","compilerSettings":{"solc":{"optimizer":{"enabled":true,"runs":200},"metadata":{"useLiteralContent":false,"bytecodeHash":"ipfs","appendCBOR":true},"outputSelection":{"*":{"*":["abi","evm.bytecode","evm.deployedBytecode","evm.methodIdentifiers","metadata"]}},"evmVersion":"paris","viaIR":false,"libraries":{}},"vyper":{"evmVersion":"paris","outputSelection":{"*":{"*":["abi","evm.bytecode","evm.deployedBytecode"]}}}},"imports":[],"versionRequirement":">=0.5.0","artifacts":{"DSTest":{"0.8.24":{"path":"test.sol/DSTest.json","build_id":"95e865ef98ea97ae28ffdcf43ae99af5"}}},"seenByCompiler":true},"lib/forge-std/src/Base.sol":{"lastModificationDate":1729575267000,"contentHash":"ee13c050b1914464f1d3f90cde90204b","sourceName":"lib/forge-std/src/Base.sol","compilerSettings":{"solc":{"optimizer":{"enabled":true,"runs":200},"metadata":{"useLiteralContent":false,"bytecodeHash":"ipfs","appendCBOR":true},"outputSelection":{"*":{"*":["abi","evm.bytecode","evm.deployedBytecode","evm.methodIdentifiers","metadata"]}},"evmVersion":"paris","viaIR":false,"libraries":{}},"vyper":{"evmVersion":"paris","outputSelection":{"*":{"*":["abi","evm.bytecode","evm.deployedBytecode"]}}}},"imports":["lib/forge-std/src/StdStorage.sol","lib/forge-std/src/Vm.sol"],"versionRequirement":">=0.6.2, <0.9.0","artifacts":{"CommonBase":{"0.8.24":{"path":"Base.sol/CommonBase.json","build_id":"95e865ef98ea97ae28ffdcf43ae99af5"}},"ScriptBase":{"0.8.24":{"path":"Base.sol/ScriptBase.json","build_id":"95e865ef98ea97ae28ffdcf43ae99af5"}},"TestBase":{"0.8.24":{"path":"Base.sol/TestBase.json","build_id":"95e865ef98ea97ae28ffdcf43ae99af5"}}},"seenByCompiler":true},"lib/forge-std/src/Script.sol":{"lastModificationDate":1729575267000,"contentHash":"83c39354c1e43190bce4dc43860dc786","sourceName":"lib/forge-std/src/Script.sol","compilerSettings":{"solc":{"optimizer":{"enabled":true,"runs":200},"metadata":{"useLiteralContent":false,"bytecodeHash":"ipfs","appendCBOR":true},"outputSelection":{"*":{"*":["abi","evm.bytecode","evm.deployedBytecode","evm.methodIdentifiers","metadata"]}},"evmVersion":"paris","viaIR":false,"libraries":{}},"vyper":{"evmVersion":"paris","outputSelection":{"*":{"*":["abi","evm.bytecode","evm.deployedBytecode"]}}}},"imports":["lib/forge-std/src/Base.sol","lib/forge-std/src/StdChains.sol","lib/forge-std/src/StdCheats.sol","lib/forge-std/src/StdJson.sol","lib/forge-std/src/StdMath.sol","lib/forge-std/src/StdStorage.sol","lib/forge-std/src/StdUtils.sol","lib/forge-std/src/Vm.sol","lib/forge-std/src/console.sol","lib/forge-std/src/console2.sol","lib/forge-std/src/interfaces/IMulticall3.sol"],"versionRequirement":">=0.6.2, <0.9.0","artifacts":{"Script":{"0.8.24":{"path":"Script.sol/Script.json","build_id":"bc2b90140839e17be6afc03f8f7e2764"}}},"seenByCompiler":true},"lib/forge-std/src/StdAssertions.sol":{"lastModificationDate":1729575267000,"contentHash":"6cc2858240bcd443debbbf075490e325","sourceName":"lib/forge-std/src/StdAssertions.sol","compilerSettings":{"solc":{"optimizer":{"enabled":true,"runs":200},"metadata":{"useLiteralContent":false,"bytecodeHash":"ipfs","appendCBOR":true},"outputSelection":{"*":{"*":["abi","evm.bytecode","evm.deployedBytecode","evm.methodIdentifiers","metadata"]}},"evmVersion":"paris","viaIR":false,"libraries":{}},"vyper":{"evmVersion":"paris","outputSelection":{"*":{"*":["abi","evm.bytecode","evm.deployedBytecode"]}}}},"imports":["lib/forge-std/lib/ds-test/src/test.sol","lib/forge-std/src/StdMath.sol"],"versionRequirement":">=0.6.2, <0.9.0","artifacts":{"StdAssertions":{"0.8.24":{"path":"StdAssertions.sol/StdAssertions.json","build_id":"95e865ef98ea97ae28ffdcf43ae99af5"}}},"seenByCompiler":true},"lib/forge-std/src/StdChains.sol":{"lastModificationDate":1729575267000,"contentHash":"9c76820952c8f5e2fc02f872dc3afeb4","sourceName":"lib/forge-std/src/StdChains.sol","compilerSettings":{"solc":{"optimizer":{"enabled":true,"runs":200},"metadata":{"useLiteralContent":false,"bytecodeHash":"ipfs","appendCBOR":true},"outputSelection":{"*":{"*":["abi","evm.bytecode","evm.deployedBytecode","evm.methodIdentifiers","metadata"]}},"evmVersion":"paris","viaIR":false,"libraries":{}},"vyper":{"evmVersion":"paris","outputSelection":{"*":{"*":["abi","evm.bytecode","evm.deployedBytecode"]}}}},"imports":["lib/forge-std/src/Vm.sol"],"versionRequirement":">=0.6.2, <0.9.0","artifacts":{"StdChains":{"0.8.24":{"path":"StdChains.sol/StdChains.json","build_id":"95e865ef98ea97ae28ffdcf43ae99af5"}}},"seenByCompiler":true},"lib/forge-std/src/StdCheats.sol":{"lastModificationDate":1729575267000,"contentHash":"24785368b480beef5cd536afd144d5cb","sourceName":"lib/forge-std/src/StdCheats.sol","compilerSettings":{"solc":{"optimizer":{"enabled":true,"runs":200},"metadata":{"useLiteralContent":false,"bytecodeHash":"ipfs","appendCBOR":true},"outputSelection":{"*":{"*":["abi","evm.bytecode","evm.deployedBytecode","evm.methodIdentifiers","metadata"]}},"evmVersion":"paris","viaIR":false,"libraries":{}},"vyper":{"evmVersion":"paris","outputSelection":{"*":{"*":["abi","evm.bytecode","evm.deployedBytecode"]}}}},"imports":["lib/forge-std/src/StdStorage.sol","lib/forge-std/src/Vm.sol","lib/forge-std/src/console2.sol"],"versionRequirement":">=0.6.2, <0.9.0","artifacts":{"StdCheats":{"0.8.24":{"path":"StdCheats.sol/StdCheats.json","build_id":"95e865ef98ea97ae28ffdcf43ae99af5"}},"StdCheatsSafe":{"0.8.24":{"path":"StdCheats.sol/StdCheatsSafe.json","build_id":"95e865ef98ea97ae28ffdcf43ae99af5"}}},"seenByCompiler":true},"lib/forge-std/src/StdError.sol":{"lastModificationDate":1729575267000,"contentHash":"64c896e1276a291776e5ea5aecb3870a","sourceName":"lib/forge-std/src/StdError.sol","compilerSettings":{"solc":{"optimizer":{"enabled":true,"runs":200},"metadata":{"useLiteralContent":false,"bytecodeHash":"ipfs","appendCBOR":true},"outputSelection":{"*":{"*":["abi","evm.bytecode","evm.deployedBytecode","evm.methodIdentifiers","metadata"]}},"evmVersion":"paris","viaIR":false,"libraries":{}},"vyper":{"evmVersion":"paris","outputSelection":{"*":{"*":["abi","evm.bytecode","evm.deployedBytecode"]}}}},"imports":[],"versionRequirement":">=0.6.2, <0.9.0","artifacts":{"stdError":{"0.8.24":{"path":"StdError.sol/stdError.json","build_id":"95e865ef98ea97ae28ffdcf43ae99af5"}}},"seenByCompiler":true},"lib/forge-std/src/StdInvariant.sol":{"lastModificationDate":1729575267000,"contentHash":"12c06010ec43ce935ed209d5aca30828","sourceName":"lib/forge-std/src/StdInvariant.sol","compilerSettings":{"solc":{"optimizer":{"enabled":true,"runs":200},"metadata":{"useLiteralContent":false,"bytecodeHash":"ipfs","appendCBOR":true},"outputSelection":{"*":{"*":["abi","evm.bytecode","evm.deployedBytecode","evm.methodIdentifiers","metadata"]}},"evmVersion":"paris","viaIR":false,"libraries":{}},"vyper":{"evmVersion":"paris","outputSelection":{"*":{"*":["abi","evm.bytecode","evm.deployedBytecode"]}}}},"imports":[],"versionRequirement":">=0.6.2, <0.9.0","artifacts":{"StdInvariant":{"0.8.24":{"path":"StdInvariant.sol/StdInvariant.json","build_id":"95e865ef98ea97ae28ffdcf43ae99af5"}}},"seenByCompiler":true},"lib/forge-std/src/StdJson.sol":{"lastModificationDate":1729575267000,"contentHash":"2e1d13674e152408867795362d833c24","sourceName":"lib/forge-std/src/StdJson.sol","compilerSettings":{"solc":{"optimizer":{"enabled":true,"runs":200},"metadata":{"useLiteralContent":false,"bytecodeHash":"ipfs","appendCBOR":true},"outputSelection":{"*":{"*":["abi","evm.bytecode","evm.deployedBytecode","evm.methodIdentifiers","metadata"]}},"evmVersion":"paris","viaIR":false,"libraries":{}},"vyper":{"evmVersion":"paris","outputSelection":{"*":{"*":["abi","evm.bytecode","evm.deployedBytecode"]}}}},"imports":["lib/forge-std/src/Vm.sol"],"versionRequirement":">=0.6.0, <0.9.0","artifacts":{"stdJson":{"0.8.24":{"path":"StdJson.sol/stdJson.json","build_id":"95e865ef98ea97ae28ffdcf43ae99af5"}}},"seenByCompiler":true},"lib/forge-std/src/StdMath.sol":{"lastModificationDate":1729575267000,"contentHash":"9da8f453eba6bb98f3d75bc6822bfb29","sourceName":"lib/forge-std/src/StdMath.sol","compilerSettings":{"solc":{"optimizer":{"enabled":true,"runs":200},"metadata":{"useLiteralContent":false,"bytecodeHash":"ipfs","appendCBOR":true},"outputSelection":{"*":{"*":["abi","evm.bytecode","evm.deployedBytecode","evm.methodIdentifiers","metadata"]}},"evmVersion":"paris","viaIR":false,"libraries":{}},"vyper":{"evmVersion":"paris","outputSelection":{"*":{"*":["abi","evm.bytecode","evm.deployedBytecode"]}}}},"imports":[],"versionRequirement":">=0.6.2, <0.9.0","artifacts":{"stdMath":{"0.8.24":{"path":"StdMath.sol/stdMath.json","build_id":"95e865ef98ea97ae28ffdcf43ae99af5"}}},"seenByCompiler":true},"lib/forge-std/src/StdStorage.sol":{"lastModificationDate":1729575267000,"contentHash":"3cb9868082df39a53927db09dbc21f23","sourceName":"lib/forge-std/src/StdStorage.sol","compilerSettings":{"solc":{"optimizer":{"enabled":true,"runs":200},"metadata":{"useLiteralContent":false,"bytecodeHash":"ipfs","appendCBOR":true},"outputSelection":{"*":{"*":["abi","evm.bytecode","evm.deployedBytecode","evm.methodIdentifiers","metadata"]}},"evmVersion":"paris","viaIR":false,"libraries":{}},"vyper":{"evmVersion":"paris","outputSelection":{"*":{"*":["abi","evm.bytecode","evm.deployedBytecode"]}}}},"imports":["lib/forge-std/src/Vm.sol"],"versionRequirement":">=0.6.2, <0.9.0","artifacts":{"stdStorage":{"0.8.24":{"path":"StdStorage.sol/stdStorage.json","build_id":"95e865ef98ea97ae28ffdcf43ae99af5"}},"stdStorageSafe":{"0.8.24":{"path":"StdStorage.sol/stdStorageSafe.json","build_id":"95e865ef98ea97ae28ffdcf43ae99af5"}}},"seenByCompiler":true},"lib/forge-std/src/StdStyle.sol":{"lastModificationDate":1729575267000,"contentHash":"820e6f6b7704f0c980fae604b1e34b18","sourceName":"lib/forge-std/src/StdStyle.sol","compilerSettings":{"solc":{"optimizer":{"enabled":true,"runs":200},"metadata":{"useLiteralContent":false,"bytecodeHash":"ipfs","appendCBOR":true},"outputSelection":{"*":{"*":["abi","evm.bytecode","evm.deployedBytecode","evm.methodIdentifiers","metadata"]}},"evmVersion":"paris","viaIR":false,"libraries":{}},"vyper":{"evmVersion":"paris","outputSelection":{"*":{"*":["abi","evm.bytecode","evm.deployedBytecode"]}}}},"imports":["lib/forge-std/src/Vm.sol"],"versionRequirement":">=0.4.22, <0.9.0","artifacts":{"StdStyle":{"0.8.24":{"path":"StdStyle.sol/StdStyle.json","build_id":"95e865ef98ea97ae28ffdcf43ae99af5"}}},"seenByCompiler":true},"lib/forge-std/src/StdUtils.sol":{"lastModificationDate":1729575267000,"contentHash":"dd923493ddd9f98777687205cfe9d646","sourceName":"lib/forge-std/src/StdUtils.sol","compilerSettings":{"solc":{"optimizer":{"enabled":true,"runs":200},"metadata":{"useLiteralContent":false,"bytecodeHash":"ipfs","appendCBOR":true},"outputSelection":{"*":{"*":["abi","evm.bytecode","evm.deployedBytecode","evm.methodIdentifiers","metadata"]}},"evmVersion":"paris","viaIR":false,"libraries":{}},"vyper":{"evmVersion":"paris","outputSelection":{"*":{"*":["abi","evm.bytecode","evm.deployedBytecode"]}}}},"imports":["lib/forge-std/src/Vm.sol","lib/forge-std/src/interfaces/IMulticall3.sol"],"versionRequirement":">=0.6.2, <0.9.0","artifacts":{"StdUtils":{"0.8.24":{"path":"StdUtils.sol/StdUtils.json","build_id":"95e865ef98ea97ae28ffdcf43ae99af5"}}},"seenByCompiler":true},"lib/forge-std/src/Test.sol":{"lastModificationDate":1729575267000,"contentHash":"bc9d74a0c612e1c2b66cca2973bcc803","sourceName":"lib/forge-std/src/Test.sol","compilerSettings":{"solc":{"optimizer":{"enabled":true,"runs":200},"metadata":{"useLiteralContent":false,"bytecodeHash":"ipfs","appendCBOR":true},"outputSelection":{"*":{"*":["abi","evm.bytecode","evm.deployedBytecode","evm.methodIdentifiers","metadata"]}},"evmVersion":"paris","viaIR":false,"libraries":{}},"vyper":{"evmVersion":"paris","outputSelection":{"*":{"*":["abi","evm.bytecode","evm.deployedBytecode"]}}}},"imports":["lib/forge-std/lib/ds-test/src/test.sol","lib/forge-std/src/Base.sol","lib/forge-std/src/StdAssertions.sol","lib/forge-std/src/StdChains.sol","lib/forge-std/src/StdCheats.sol","lib/forge-std/src/StdError.sol","lib/forge-std/src/StdInvariant.sol","lib/forge-std/src/StdJson.sol","lib/forge-std/src/StdMath.sol","lib/forge-std/src/StdStorage.sol","lib/forge-std/src/StdStyle.sol","lib/forge-std/src/StdUtils.sol","lib/forge-std/src/Vm.sol","lib/forge-std/src/console.sol","lib/forge-std/src/console2.sol","lib/forge-std/src/interfaces/IMulticall3.sol"],"versionRequirement":">=0.6.2, <0.9.0","artifacts":{"Test":{"0.8.24":{"path":"Test.sol/Test.json","build_id":"95e865ef98ea97ae28ffdcf43ae99af5"}}},"seenByCompiler":true},"lib/forge-std/src/Vm.sol":{"lastModificationDate":1729575267000,"contentHash":"93cbedbadc52c20145ebbfa27ce148c4","sourceName":"lib/forge-std/src/Vm.sol","compilerSettings":{"solc":{"optimizer":{"enabled":true,"runs":200},"metadata":{"useLiteralContent":false,"bytecodeHash":"ipfs","appendCBOR":true},"outputSelection":{"*":{"*":["abi","evm.bytecode","evm.deployedBytecode","evm.methodIdentifiers","metadata"]}},"evmVersion":"paris","viaIR":false,"libraries":{}},"vyper":{"evmVersion":"paris","outputSelection":{"*":{"*":["abi","evm.bytecode","evm.deployedBytecode"]}}}},"imports":[],"versionRequirement":">=0.6.2, <0.9.0","artifacts":{"Vm":{"0.8.24":{"path":"Vm.sol/Vm.json","build_id":"95e865ef98ea97ae28ffdcf43ae99af5"}},"VmSafe":{"0.8.24":{"path":"Vm.sol/VmSafe.json","build_id":"95e865ef98ea97ae28ffdcf43ae99af5"}}},"seenByCompiler":true},"lib/forge-std/src/console.sol":{"lastModificationDate":1729575267000,"contentHash":"100b8a33b917da1147740d7ab8b0ded3","sourceName":"lib/forge-std/src/console.sol","compilerSettings":{"solc":{"optimizer":{"enabled":true,"runs":200},"metadata":{"useLiteralContent":false,"bytecodeHash":"ipfs","appendCBOR":true},"outputSelection":{"*":{"*":["abi","evm.bytecode","evm.deployedBytecode","evm.methodIdentifiers","metadata"]}},"evmVersion":"paris","viaIR":false,"libraries":{}},"vyper":{"evmVersion":"paris","outputSelection":{"*":{"*":["abi","evm.bytecode","evm.deployedBytecode"]}}}},"imports":[],"versionRequirement":">=0.4.22, <0.9.0","artifacts":{"console":{"0.8.24":{"path":"console.sol/console.json","build_id":"95e865ef98ea97ae28ffdcf43ae99af5"}}},"seenByCompiler":true},"lib/forge-std/src/console2.sol":{"lastModificationDate":1729575267000,"contentHash":"491ca717c1915995e78cc361485a3067","sourceName":"lib/forge-std/src/console2.sol","compilerSettings":{"solc":{"optimizer":{"enabled":true,"runs":200},"metadata":{"useLiteralContent":false,"bytecodeHash":"ipfs","appendCBOR":true},"outputSelection":{"*":{"*":["abi","evm.bytecode","evm.deployedBytecode","evm.methodIdentifiers","metadata"]}},"evmVersion":"paris","viaIR":false,"libraries":{}},"vyper":{"evmVersion":"paris","outputSelection":{"*":{"*":["abi","evm.bytecode","evm.deployedBytecode"]}}}},"imports":[],"versionRequirement":">=0.4.22, <0.9.0","artifacts":{"console2":{"0.8.24":{"path":"console2.sol/console2.json","build_id":"95e865ef98ea97ae28ffdcf43ae99af5"}}},"seenByCompiler":true},"lib/forge-std/src/interfaces/IMulticall3.sol":{"lastModificationDate":1729575267000,"contentHash":"7b131ca1ca32ef6378b7b9ad5488b901","sourceName":"lib/forge-std/src/interfaces/IMulticall3.sol","compilerSettings":{"solc":{"optimizer":{"enabled":true,"runs":200},"metadata":{"useLiteralContent":false,"bytecodeHash":"ipfs","appendCBOR":true},"outputSelection":{"*":{"*":["abi","evm.bytecode","evm.deployedBytecode","evm.methodIdentifiers","metadata"]}},"evmVersion":"paris","viaIR":false,"libraries":{}},"vyper":{"evmVersion":"paris","outputSelection":{"*":{"*":["abi","evm.bytecode","evm.deployedBytecode"]}}}},"imports":[],"versionRequirement":">=0.6.2, <0.9.0","artifacts":{"IMulticall3":{"0.8.24":{"path":"IMulticall3.sol/IMulticall3.json","build_id":"95e865ef98ea97ae28ffdcf43ae99af5"}}},"seenByCompiler":true},"lib/openzeppelin-contracts/contracts/access/AccessControl.sol":{"lastModificationDate":1729575267000,"contentHash":"a2b1ec38a8dad325a596f926890772b8","sourceName":"lib/openzeppelin-contracts/contracts/access/AccessControl.sol","compilerSettings":{"solc":{"optimizer":{"enabled":true,"runs":200},"metadata":{"useLiteralContent":false,"bytecodeHash":"ipfs","appendCBOR":true},"outputSelection":{"*":{"*":["abi","evm.bytecode","evm.deployedBytecode","evm.methodIdentifiers","metadata"]}},"evmVersion":"paris","viaIR":false,"libraries":{}},"vyper":{"evmVersion":"paris","outputSelection":{"*":{"*":["abi","evm.bytecode","evm.deployedBytecode"]}}}},"imports":["lib/openzeppelin-contracts/contracts/access/IAccessControl.sol","lib/openzeppelin-contracts/contracts/utils/Context.sol","lib/openzeppelin-contracts/contracts/utils/Strings.sol","lib/openzeppelin-contracts/contracts/utils/introspection/ERC165.sol","lib/openzeppelin-contracts/contracts/utils/introspection/IERC165.sol","lib/openzeppelin-contracts/contracts/utils/math/Math.sol","lib/openzeppelin-contracts/contracts/utils/math/SignedMath.sol"],"versionRequirement":"^0.8.0","artifacts":{"AccessControl":{"0.8.24":{"path":"AccessControl.sol/AccessControl.json","build_id":"95e865ef98ea97ae28ffdcf43ae99af5"}}},"seenByCompiler":true},"lib/openzeppelin-contracts/contracts/access/IAccessControl.sol":{"lastModificationDate":1729575267000,"contentHash":"57c84298234411cea19c7c284d86be8b","sourceName":"lib/openzeppelin-contracts/contracts/access/IAccessControl.sol","compilerSettings":{"solc":{"optimizer":{"enabled":true,"runs":200},"metadata":{"useLiteralContent":false,"bytecodeHash":"ipfs","appendCBOR":true},"outputSelection":{"*":{"*":["abi","evm.bytecode","evm.deployedBytecode","evm.methodIdentifiers","metadata"]}},"evmVersion":"paris","viaIR":false,"libraries":{}},"vyper":{"evmVersion":"paris","outputSelection":{"*":{"*":["abi","evm.bytecode","evm.deployedBytecode"]}}}},"imports":[],"versionRequirement":"^0.8.0","artifacts":{"IAccessControl":{"0.8.24":{"path":"IAccessControl.sol/IAccessControl.json","build_id":"95e865ef98ea97ae28ffdcf43ae99af5"}}},"seenByCompiler":true},"lib/openzeppelin-contracts/contracts/access/Ownable.sol":{"lastModificationDate":1729575267000,"contentHash":"5a20b2cad87ddb61c7a3a6af21289e28","sourceName":"lib/openzeppelin-contracts/contracts/access/Ownable.sol","compilerSettings":{"solc":{"optimizer":{"enabled":true,"runs":200},"metadata":{"useLiteralContent":false,"bytecodeHash":"ipfs","appendCBOR":true},"outputSelection":{"*":{"*":["abi","evm.bytecode","evm.deployedBytecode","evm.methodIdentifiers","metadata"]}},"evmVersion":"paris","viaIR":false,"libraries":{}},"vyper":{"evmVersion":"paris","outputSelection":{"*":{"*":["abi","evm.bytecode","evm.deployedBytecode"]}}}},"imports":["lib/openzeppelin-contracts/contracts/utils/Context.sol"],"versionRequirement":"^0.8.0","artifacts":{"Ownable":{"0.8.24":{"path":"Ownable.sol/Ownable.json","build_id":"95e865ef98ea97ae28ffdcf43ae99af5"}}},"seenByCompiler":true},"lib/openzeppelin-contracts/contracts/governance/Governor.sol":{"lastModificationDate":1729575267000,"contentHash":"8da311d0dd59badd1cf2348dd9dc7fd6","sourceName":"lib/openzeppelin-contracts/contracts/governance/Governor.sol","compilerSettings":{"solc":{"optimizer":{"enabled":true,"runs":200},"metadata":{"useLiteralContent":false,"bytecodeHash":"ipfs","appendCBOR":true},"outputSelection":{"*":{"*":["abi","evm.bytecode","evm.deployedBytecode","evm.methodIdentifiers","metadata"]}},"evmVersion":"paris","viaIR":false,"libraries":{}},"vyper":{"evmVersion":"paris","outputSelection":{"*":{"*":["abi","evm.bytecode","evm.deployedBytecode"]}}}},"imports":["lib/openzeppelin-contracts/contracts/governance/IGovernor.sol","lib/openzeppelin-contracts/contracts/interfaces/IERC165.sol","lib/openzeppelin-contracts/contracts/interfaces/IERC5267.sol","lib/openzeppelin-contracts/contracts/interfaces/IERC6372.sol","lib/openzeppelin-contracts/contracts/token/ERC1155/IERC1155Receiver.sol","lib/openzeppelin-contracts/contracts/token/ERC721/IERC721Receiver.sol","lib/openzeppelin-contracts/contracts/utils/Address.sol","lib/openzeppelin-contracts/contracts/utils/Context.sol","lib/openzeppelin-contracts/contracts/utils/ShortStrings.sol","lib/openzeppelin-contracts/contracts/utils/StorageSlot.sol","lib/openzeppelin-contracts/contracts/utils/Strings.sol","lib/openzeppelin-contracts/contracts/utils/cryptography/ECDSA.sol","lib/openzeppelin-contracts/contracts/utils/cryptography/EIP712.sol","lib/openzeppelin-contracts/contracts/utils/introspection/ERC165.sol","lib/openzeppelin-contracts/contracts/utils/introspection/IERC165.sol","lib/openzeppelin-contracts/contracts/utils/math/Math.sol","lib/openzeppelin-contracts/contracts/utils/math/SafeCast.sol","lib/openzeppelin-contracts/contracts/utils/math/SignedMath.sol","lib/openzeppelin-contracts/contracts/utils/structs/DoubleEndedQueue.sol"],"versionRequirement":"^0.8.0","artifacts":{"Governor":{"0.8.24":{"path":"Governor.sol/Governor.json","build_id":"95e865ef98ea97ae28ffdcf43ae99af5"}}},"seenByCompiler":true},"lib/openzeppelin-contracts/contracts/governance/IGovernor.sol":{"lastModificationDate":1729575267000,"contentHash":"f25711a41c660275a78153d3fd78dde3","sourceName":"lib/openzeppelin-contracts/contracts/governance/IGovernor.sol","compilerSettings":{"solc":{"optimizer":{"enabled":true,"runs":200},"metadata":{"useLiteralContent":false,"bytecodeHash":"ipfs","appendCBOR":true},"outputSelection":{"*":{"*":["abi","evm.bytecode","evm.deployedBytecode","evm.methodIdentifiers","metadata"]}},"evmVersion":"paris","viaIR":false,"libraries":{}},"vyper":{"evmVersion":"paris","outputSelection":{"*":{"*":["abi","evm.bytecode","evm.deployedBytecode"]}}}},"imports":["lib/openzeppelin-contracts/contracts/interfaces/IERC165.sol","lib/openzeppelin-contracts/contracts/interfaces/IERC6372.sol","lib/openzeppelin-contracts/contracts/utils/introspection/IERC165.sol"],"versionRequirement":"^0.8.0","artifacts":{"IGovernor":{"0.8.24":{"path":"IGovernor.sol/IGovernor.json","build_id":"95e865ef98ea97ae28ffdcf43ae99af5"}}},"seenByCompiler":true},"lib/openzeppelin-contracts/contracts/governance/TimelockController.sol":{"lastModificationDate":1729575267000,"contentHash":"39cfb1304186349ce1051fe20ff67567","sourceName":"lib/openzeppelin-contracts/contracts/governance/TimelockController.sol","compilerSettings":{"solc":{"optimizer":{"enabled":true,"runs":200},"metadata":{"useLiteralContent":false,"bytecodeHash":"ipfs","appendCBOR":true},"outputSelection":{"*":{"*":["abi","evm.bytecode","evm.deployedBytecode","evm.methodIdentifiers","metadata"]}},"evmVersion":"paris","viaIR":false,"libraries":{}},"vyper":{"evmVersion":"paris","outputSelection":{"*":{"*":["abi","evm.bytecode","evm.deployedBytecode"]}}}},"imports":["lib/openzeppelin-contracts/contracts/access/AccessControl.sol","lib/openzeppelin-contracts/contracts/access/IAccessControl.sol","lib/openzeppelin-contracts/contracts/token/ERC1155/IERC1155Receiver.sol","lib/openzeppelin-contracts/contracts/token/ERC721/IERC721Receiver.sol","lib/openzeppelin-contracts/contracts/utils/Context.sol","lib/openzeppelin-contracts/contracts/utils/Strings.sol","lib/openzeppelin-contracts/contracts/utils/introspection/ERC165.sol","lib/openzeppelin-contracts/contracts/utils/introspection/IERC165.sol","lib/openzeppelin-contracts/contracts/utils/math/Math.sol","lib/openzeppelin-contracts/contracts/utils/math/SignedMath.sol"],"versionRequirement":"^0.8.0","artifacts":{"TimelockController":{"0.8.24":{"path":"TimelockController.sol/TimelockController.json","build_id":"95e865ef98ea97ae28ffdcf43ae99af5"}}},"seenByCompiler":true},"lib/openzeppelin-contracts/contracts/governance/extensions/GovernorCountingSimple.sol":{"lastModificationDate":1729575267000,"contentHash":"15aeb0f6f9276254f8d58e65a678ea3f","sourceName":"lib/openzeppelin-contracts/contracts/governance/extensions/GovernorCountingSimple.sol","compilerSettings":{"solc":{"optimizer":{"enabled":true,"runs":200},"metadata":{"useLiteralContent":false,"bytecodeHash":"ipfs","appendCBOR":true},"outputSelection":{"*":{"*":["abi","evm.bytecode","evm.deployedBytecode","evm.methodIdentifiers","metadata"]}},"evmVersion":"paris","viaIR":false,"libraries":{}},"vyper":{"evmVersion":"paris","outputSelection":{"*":{"*":["abi","evm.bytecode","evm.deployedBytecode"]}}}},"imports":["lib/openzeppelin-contracts/contracts/governance/Governor.sol","lib/openzeppelin-contracts/contracts/governance/IGovernor.sol","lib/openzeppelin-contracts/contracts/interfaces/IERC165.sol","lib/openzeppelin-contracts/contracts/interfaces/IERC5267.sol","lib/openzeppelin-contracts/contracts/interfaces/IERC6372.sol","lib/openzeppelin-contracts/contracts/token/ERC1155/IERC1155Receiver.sol","lib/openzeppelin-contracts/contracts/token/ERC721/IERC721Receiver.sol","lib/openzeppelin-contracts/contracts/utils/Address.sol","lib/openzeppelin-contracts/contracts/utils/Context.sol","lib/openzeppelin-contracts/contracts/utils/ShortStrings.sol","lib/openzeppelin-contracts/contracts/utils/StorageSlot.sol","lib/openzeppelin-contracts/contracts/utils/Strings.sol","lib/openzeppelin-contracts/contracts/utils/cryptography/ECDSA.sol","lib/openzeppelin-contracts/contracts/utils/cryptography/EIP712.sol","lib/openzeppelin-contracts/contracts/utils/introspection/ERC165.sol","lib/openzeppelin-contracts/contracts/utils/introspection/IERC165.sol","lib/openzeppelin-contracts/contracts/utils/math/Math.sol","lib/openzeppelin-contracts/contracts/utils/math/SafeCast.sol","lib/openzeppelin-contracts/contracts/utils/math/SignedMath.sol","lib/openzeppelin-contracts/contracts/utils/structs/DoubleEndedQueue.sol"],"versionRequirement":"^0.8.0","artifacts":{"GovernorCountingSimple":{"0.8.24":{"path":"GovernorCountingSimple.sol/GovernorCountingSimple.json","build_id":"95e865ef98ea97ae28ffdcf43ae99af5"}}},"seenByCompiler":true},"lib/openzeppelin-contracts/contracts/governance/extensions/GovernorSettings.sol":{"lastModificationDate":1729575267000,"contentHash":"80ac7eb356eca556a3023dc3848fb40a","sourceName":"lib/openzeppelin-contracts/contracts/governance/extensions/GovernorSettings.sol","compilerSettings":{"solc":{"optimizer":{"enabled":true,"runs":200},"metadata":{"useLiteralContent":false,"bytecodeHash":"ipfs","appendCBOR":true},"outputSelection":{"*":{"*":["abi","evm.bytecode","evm.deployedBytecode","evm.methodIdentifiers","metadata"]}},"evmVersion":"paris","viaIR":false,"libraries":{}},"vyper":{"evmVersion":"paris","outputSelection":{"*":{"*":["abi","evm.bytecode","evm.deployedBytecode"]}}}},"imports":["lib/openzeppelin-contracts/contracts/governance/Governor.sol","lib/openzeppelin-contracts/contracts/governance/IGovernor.sol","lib/openzeppelin-contracts/contracts/interfaces/IERC165.sol","lib/openzeppelin-contracts/contracts/interfaces/IERC5267.sol","lib/openzeppelin-contracts/contracts/interfaces/IERC6372.sol","lib/openzeppelin-contracts/contracts/token/ERC1155/IERC1155Receiver.sol","lib/openzeppelin-contracts/contracts/token/ERC721/IERC721Receiver.sol","lib/openzeppelin-contracts/contracts/utils/Address.sol","lib/openzeppelin-contracts/contracts/utils/Context.sol","lib/openzeppelin-contracts/contracts/utils/ShortStrings.sol","lib/openzeppelin-contracts/contracts/utils/StorageSlot.sol","lib/openzeppelin-contracts/contracts/utils/Strings.sol","lib/openzeppelin-contracts/contracts/utils/cryptography/ECDSA.sol","lib/openzeppelin-contracts/contracts/utils/cryptography/EIP712.sol","lib/openzeppelin-contracts/contracts/utils/introspection/ERC165.sol","lib/openzeppelin-contracts/contracts/utils/introspection/IERC165.sol","lib/openzeppelin-contracts/contracts/utils/math/Math.sol","lib/openzeppelin-contracts/contracts/utils/math/SafeCast.sol","lib/openzeppelin-contracts/contracts/utils/math/SignedMath.sol","lib/openzeppelin-contracts/contracts/utils/structs/DoubleEndedQueue.sol"],"versionRequirement":"^0.8.0","artifacts":{"GovernorSettings":{"0.8.24":{"path":"GovernorSettings.sol/GovernorSettings.json","build_id":"95e865ef98ea97ae28ffdcf43ae99af5"}}},"seenByCompiler":true},"lib/openzeppelin-contracts/contracts/governance/extensions/GovernorTimelockControl.sol":{"lastModificationDate":1729575267000,"contentHash":"aac379f435298e7d59ade3da436dbcf5","sourceName":"lib/openzeppelin-contracts/contracts/governance/extensions/GovernorTimelockControl.sol","compilerSettings":{"solc":{"optimizer":{"enabled":true,"runs":200},"metadata":{"useLiteralContent":false,"bytecodeHash":"ipfs","appendCBOR":true},"outputSelection":{"*":{"*":["abi","evm.bytecode","evm.deployedBytecode","evm.methodIdentifiers","metadata"]}},"evmVersion":"paris","viaIR":false,"libraries":{}},"vyper":{"evmVersion":"paris","outputSelection":{"*":{"*":["abi","evm.bytecode","evm.deployedBytecode"]}}}},"imports":["lib/openzeppelin-contracts/contracts/access/AccessControl.sol","lib/openzeppelin-contracts/contracts/access/IAccessControl.sol","lib/openzeppelin-contracts/contracts/governance/Governor.sol","lib/openzeppelin-contracts/contracts/governance/IGovernor.sol","lib/openzeppelin-contracts/contracts/governance/TimelockController.sol","lib/openzeppelin-contracts/contracts/governance/extensions/IGovernorTimelock.sol","lib/openzeppelin-contracts/contracts/interfaces/IERC165.sol","lib/openzeppelin-contracts/contracts/interfaces/IERC5267.sol","lib/openzeppelin-contracts/contracts/interfaces/IERC6372.sol","lib/openzeppelin-contracts/contracts/token/ERC1155/IERC1155Receiver.sol","lib/openzeppelin-contracts/contracts/token/ERC721/IERC721Receiver.sol","lib/openzeppelin-contracts/contracts/utils/Address.sol","lib/openzeppelin-contracts/contracts/utils/Context.sol","lib/openzeppelin-contracts/contracts/utils/ShortStrings.sol","lib/openzeppelin-contracts/contracts/utils/StorageSlot.sol","lib/openzeppelin-contracts/contracts/utils/Strings.sol","lib/openzeppelin-contracts/contracts/utils/cryptography/ECDSA.sol","lib/openzeppelin-contracts/contracts/utils/cryptography/EIP712.sol","lib/openzeppelin-contracts/contracts/utils/introspection/ERC165.sol","lib/openzeppelin-contracts/contracts/utils/introspection/IERC165.sol","lib/openzeppelin-contracts/contracts/utils/math/Math.sol","lib/openzeppelin-contracts/contracts/utils/math/SafeCast.sol","lib/openzeppelin-contracts/contracts/utils/math/SignedMath.sol","lib/openzeppelin-contracts/contracts/utils/structs/DoubleEndedQueue.sol"],"versionRequirement":"^0.8.0","artifacts":{"GovernorTimelockControl":{"0.8.24":{"path":"GovernorTimelockControl.sol/GovernorTimelockControl.json","build_id":"95e865ef98ea97ae28ffdcf43ae99af5"}}},"seenByCompiler":true},"lib/openzeppelin-contracts/contracts/governance/extensions/GovernorVotes.sol":{"lastModificationDate":1729575267000,"contentHash":"9d21e1da315e8e4d9e5962a25eac0c69","sourceName":"lib/openzeppelin-contracts/contracts/governance/extensions/GovernorVotes.sol","compilerSettings":{"solc":{"optimizer":{"enabled":true,"runs":200},"metadata":{"useLiteralContent":false,"bytecodeHash":"ipfs","appendCBOR":true},"outputSelection":{"*":{"*":["abi","evm.bytecode","evm.deployedBytecode","evm.methodIdentifiers","metadata"]}},"evmVersion":"paris","viaIR":false,"libraries":{}},"vyper":{"evmVersion":"paris","outputSelection":{"*":{"*":["abi","evm.bytecode","evm.deployedBytecode"]}}}},"imports":["lib/openzeppelin-contracts/contracts/governance/Governor.sol","lib/openzeppelin-contracts/contracts/governance/IGovernor.sol","lib/openzeppelin-contracts/contracts/governance/utils/IVotes.sol","lib/openzeppelin-contracts/contracts/interfaces/IERC165.sol","lib/openzeppelin-contracts/contracts/interfaces/IERC5267.sol","lib/openzeppelin-contracts/contracts/interfaces/IERC5805.sol","lib/openzeppelin-contracts/contracts/interfaces/IERC6372.sol","lib/openzeppelin-contracts/contracts/token/ERC1155/IERC1155Receiver.sol","lib/openzeppelin-contracts/contracts/token/ERC721/IERC721Receiver.sol","lib/openzeppelin-contracts/contracts/utils/Address.sol","lib/openzeppelin-contracts/contracts/utils/Context.sol","lib/openzeppelin-contracts/contracts/utils/ShortStrings.sol","lib/openzeppelin-contracts/contracts/utils/StorageSlot.sol","lib/openzeppelin-contracts/contracts/utils/Strings.sol","lib/openzeppelin-contracts/contracts/utils/cryptography/ECDSA.sol","lib/openzeppelin-contracts/contracts/utils/cryptography/EIP712.sol","lib/openzeppelin-contracts/contracts/utils/introspection/ERC165.sol","lib/openzeppelin-contracts/contracts/utils/introspection/IERC165.sol","lib/openzeppelin-contracts/contracts/utils/math/Math.sol","lib/openzeppelin-contracts/contracts/utils/math/SafeCast.sol","lib/openzeppelin-contracts/contracts/utils/math/SignedMath.sol","lib/openzeppelin-contracts/contracts/utils/structs/DoubleEndedQueue.sol"],"versionRequirement":"^0.8.0","artifacts":{"GovernorVotes":{"0.8.24":{"path":"GovernorVotes.sol/GovernorVotes.json","build_id":"95e865ef98ea97ae28ffdcf43ae99af5"}}},"seenByCompiler":true},"lib/openzeppelin-contracts/contracts/governance/extensions/GovernorVotesQuorumFraction.sol":{"lastModificationDate":1729575267000,"contentHash":"d8f2eb542aaa4fc25d2deb09bce65760","sourceName":"lib/openzeppelin-contracts/contracts/governance/extensions/GovernorVotesQuorumFraction.sol","compilerSettings":{"solc":{"optimizer":{"enabled":true,"runs":200},"metadata":{"useLiteralContent":false,"bytecodeHash":"ipfs","appendCBOR":true},"outputSelection":{"*":{"*":["abi","evm.bytecode","evm.deployedBytecode","evm.methodIdentifiers","metadata"]}},"evmVersion":"paris","viaIR":false,"libraries":{}},"vyper":{"evmVersion":"paris","outputSelection":{"*":{"*":["abi","evm.bytecode","evm.deployedBytecode"]}}}},"imports":["lib/openzeppelin-contracts/contracts/governance/Governor.sol","lib/openzeppelin-contracts/contracts/governance/IGovernor.sol","lib/openzeppelin-contracts/contracts/governance/extensions/GovernorVotes.sol","lib/openzeppelin-contracts/contracts/governance/utils/IVotes.sol","lib/openzeppelin-contracts/contracts/interfaces/IERC165.sol","lib/openzeppelin-contracts/contracts/interfaces/IERC5267.sol","lib/openzeppelin-contracts/contracts/interfaces/IERC5805.sol","lib/openzeppelin-contracts/contracts/interfaces/IERC6372.sol","lib/openzeppelin-contracts/contracts/token/ERC1155/IERC1155Receiver.sol","lib/openzeppelin-contracts/contracts/token/ERC721/IERC721Receiver.sol","lib/openzeppelin-contracts/contracts/utils/Address.sol","lib/openzeppelin-contracts/contracts/utils/Checkpoints.sol","lib/openzeppelin-contracts/contracts/utils/Context.sol","lib/openzeppelin-contracts/contracts/utils/ShortStrings.sol","lib/openzeppelin-contracts/contracts/utils/StorageSlot.sol","lib/openzeppelin-contracts/contracts/utils/Strings.sol","lib/openzeppelin-contracts/contracts/utils/cryptography/ECDSA.sol","lib/openzeppelin-contracts/contracts/utils/cryptography/EIP712.sol","lib/openzeppelin-contracts/contracts/utils/introspection/ERC165.sol","lib/openzeppelin-contracts/contracts/utils/introspection/IERC165.sol","lib/openzeppelin-contracts/contracts/utils/math/Math.sol","lib/openzeppelin-contracts/contracts/utils/math/SafeCast.sol","lib/openzeppelin-contracts/contracts/utils/math/SignedMath.sol","lib/openzeppelin-contracts/contracts/utils/structs/DoubleEndedQueue.sol"],"versionRequirement":"^0.8.0","artifacts":{"GovernorVotesQuorumFraction":{"0.8.24":{"path":"GovernorVotesQuorumFraction.sol/GovernorVotesQuorumFraction.json","build_id":"95e865ef98ea97ae28ffdcf43ae99af5"}}},"seenByCompiler":true},"lib/openzeppelin-contracts/contracts/governance/extensions/IGovernorTimelock.sol":{"lastModificationDate":1729575267000,"contentHash":"eebb17e144c4fd58549d815db19552da","sourceName":"lib/openzeppelin-contracts/contracts/governance/extensions/IGovernorTimelock.sol","compilerSettings":{"solc":{"optimizer":{"enabled":true,"runs":200},"metadata":{"useLiteralContent":false,"bytecodeHash":"ipfs","appendCBOR":true},"outputSelection":{"*":{"*":["abi","evm.bytecode","evm.deployedBytecode","evm.methodIdentifiers","metadata"]}},"evmVersion":"paris","viaIR":false,"libraries":{}},"vyper":{"evmVersion":"paris","outputSelection":{"*":{"*":["abi","evm.bytecode","evm.deployedBytecode"]}}}},"imports":["lib/openzeppelin-contracts/contracts/governance/IGovernor.sol","lib/openzeppelin-contracts/contracts/interfaces/IERC165.sol","lib/openzeppelin-contracts/contracts/interfaces/IERC6372.sol","lib/openzeppelin-contracts/contracts/utils/introspection/IERC165.sol"],"versionRequirement":"^0.8.0","artifacts":{"IGovernorTimelock":{"0.8.24":{"path":"IGovernorTimelock.sol/IGovernorTimelock.json","build_id":"95e865ef98ea97ae28ffdcf43ae99af5"}}},"seenByCompiler":true},"lib/openzeppelin-contracts/contracts/governance/utils/IVotes.sol":{"lastModificationDate":1729575267000,"contentHash":"e2ea5c24dc3967534a8ac4df343668c2","sourceName":"lib/openzeppelin-contracts/contracts/governance/utils/IVotes.sol","compilerSettings":{"solc":{"optimizer":{"enabled":true,"runs":200},"metadata":{"useLiteralContent":false,"bytecodeHash":"ipfs","appendCBOR":true},"outputSelection":{"*":{"*":["abi","evm.bytecode","evm.deployedBytecode","evm.methodIdentifiers","metadata"]}},"evmVersion":"paris","viaIR":false,"libraries":{}},"vyper":{"evmVersion":"paris","outputSelection":{"*":{"*":["abi","evm.bytecode","evm.deployedBytecode"]}}}},"imports":[],"versionRequirement":"^0.8.0","artifacts":{"IVotes":{"0.8.24":{"path":"IVotes.sol/IVotes.json","build_id":"95e865ef98ea97ae28ffdcf43ae99af5"}}},"seenByCompiler":true},"lib/openzeppelin-contracts/contracts/interfaces/IERC165.sol":{"lastModificationDate":1729575267000,"contentHash":"ee9624272968c23d93d4c2e39f06e6e2","sourceName":"lib/openzeppelin-contracts/contracts/interfaces/IERC165.sol","compilerSettings":{"solc":{"optimizer":{"enabled":true,"runs":200},"metadata":{"useLiteralContent":false,"bytecodeHash":"ipfs","appendCBOR":true},"outputSelection":{"*":{"*":["abi","evm.bytecode","evm.deployedBytecode","evm.methodIdentifiers","metadata"]}},"evmVersion":"paris","viaIR":false,"libraries":{}},"vyper":{"evmVersion":"paris","outputSelection":{"*":{"*":["abi","evm.bytecode","evm.deployedBytecode"]}}}},"imports":["lib/openzeppelin-contracts/contracts/utils/introspection/IERC165.sol"],"versionRequirement":"^0.8.0","artifacts":{},"seenByCompiler":true},"lib/openzeppelin-contracts/contracts/interfaces/IERC5267.sol":{"lastModificationDate":1729575267000,"contentHash":"b1756048024350a162c3be27c04aa652","sourceName":"lib/openzeppelin-contracts/contracts/interfaces/IERC5267.sol","compilerSettings":{"solc":{"optimizer":{"enabled":true,"runs":200},"metadata":{"useLiteralContent":false,"bytecodeHash":"ipfs","appendCBOR":true},"outputSelection":{"*":{"*":["abi","evm.bytecode","evm.deployedBytecode","evm.methodIdentifiers","metadata"]}},"evmVersion":"paris","viaIR":false,"libraries":{}},"vyper":{"evmVersion":"paris","outputSelection":{"*":{"*":["abi","evm.bytecode","evm.deployedBytecode"]}}}},"imports":[],"versionRequirement":"^0.8.0","artifacts":{"IERC5267":{"0.8.24":{"path":"IERC5267.sol/IERC5267.json","build_id":"95e865ef98ea97ae28ffdcf43ae99af5"}}},"seenByCompiler":true},"lib/openzeppelin-contracts/contracts/interfaces/IERC5805.sol":{"lastModificationDate":1729575267000,"contentHash":"78962c5ba0fec9f6cad8f71cf96ae30b","sourceName":"lib/openzeppelin-contracts/contracts/interfaces/IERC5805.sol","compilerSettings":{"solc":{"optimizer":{"enabled":true,"runs":200},"metadata":{"useLiteralContent":false,"bytecodeHash":"ipfs","appendCBOR":true},"outputSelection":{"*":{"*":["abi","evm.bytecode","evm.deployedBytecode","evm.methodIdentifiers","metadata"]}},"evmVersion":"paris","viaIR":false,"libraries":{}},"vyper":{"evmVersion":"paris","outputSelection":{"*":{"*":["abi","evm.bytecode","evm.deployedBytecode"]}}}},"imports":["lib/openzeppelin-contracts/contracts/governance/utils/IVotes.sol","lib/openzeppelin-contracts/contracts/interfaces/IERC6372.sol"],"versionRequirement":"^0.8.0","artifacts":{"IERC5805":{"0.8.24":{"path":"IERC5805.sol/IERC5805.json","build_id":"95e865ef98ea97ae28ffdcf43ae99af5"}}},"seenByCompiler":true},"lib/openzeppelin-contracts/contracts/interfaces/IERC6372.sol":{"lastModificationDate":1729575267000,"contentHash":"f9153597c0095dfaa672b15968161166","sourceName":"lib/openzeppelin-contracts/contracts/interfaces/IERC6372.sol","compilerSettings":{"solc":{"optimizer":{"enabled":true,"runs":200},"metadata":{"useLiteralContent":false,"bytecodeHash":"ipfs","appendCBOR":true},"outputSelection":{"*":{"*":["abi","evm.bytecode","evm.deployedBytecode","evm.methodIdentifiers","metadata"]}},"evmVersion":"paris","viaIR":false,"libraries":{}},"vyper":{"evmVersion":"paris","outputSelection":{"*":{"*":["abi","evm.bytecode","evm.deployedBytecode"]}}}},"imports":[],"versionRequirement":"^0.8.0","artifacts":{"IERC6372":{"0.8.24":{"path":"IERC6372.sol/IERC6372.json","build_id":"95e865ef98ea97ae28ffdcf43ae99af5"}}},"seenByCompiler":true},"lib/openzeppelin-contracts/contracts/token/ERC1155/IERC1155Receiver.sol":{"lastModificationDate":1729575267000,"contentHash":"9f8822b72fe2702979e40160cb6d9636","sourceName":"lib/openzeppelin-contracts/contracts/token/ERC1155/IERC1155Receiver.sol","compilerSettings":{"solc":{"optimizer":{"enabled":true,"runs":200},"metadata":{"useLiteralContent":false,"bytecodeHash":"ipfs","appendCBOR":true},"outputSelection":{"*":{"*":["abi","evm.bytecode","evm.deployedBytecode","evm.methodIdentifiers","metadata"]}},"evmVersion":"paris","viaIR":false,"libraries":{}},"vyper":{"evmVersion":"paris","outputSelection":{"*":{"*":["abi","evm.bytecode","evm.deployedBytecode"]}}}},"imports":["lib/openzeppelin-contracts/contracts/utils/introspection/IERC165.sol"],"versionRequirement":"^0.8.0","artifacts":{"IERC1155Receiver":{"0.8.24":{"path":"IERC1155Receiver.sol/IERC1155Receiver.json","build_id":"95e865ef98ea97ae28ffdcf43ae99af5"}}},"seenByCompiler":true},"lib/openzeppelin-contracts/contracts/token/ERC20/ERC20.sol":{"lastModificationDate":1729575267000,"contentHash":"3ae5166c6827a9cf1a7a462d1632b464","sourceName":"lib/openzeppelin-contracts/contracts/token/ERC20/ERC20.sol","compilerSettings":{"solc":{"optimizer":{"enabled":true,"runs":200},"metadata":{"useLiteralContent":false,"bytecodeHash":"ipfs","appendCBOR":true},"outputSelection":{"*":{"*":["abi","evm.bytecode","evm.deployedBytecode","evm.methodIdentifiers","metadata"]}},"evmVersion":"paris","viaIR":false,"libraries":{}},"vyper":{"evmVersion":"paris","outputSelection":{"*":{"*":["abi","evm.bytecode","evm.deployedBytecode"]}}}},"imports":["lib/openzeppelin-contracts/contracts/token/ERC20/IERC20.sol","lib/openzeppelin-contracts/contracts/token/ERC20/extensions/IERC20Metadata.sol","lib/openzeppelin-contracts/contracts/utils/Context.sol"],"versionRequirement":"^0.8.0","artifacts":{"ERC20":{"0.8.24":{"path":"ERC20.sol/ERC20.json","build_id":"95e865ef98ea97ae28ffdcf43ae99af5"}}},"seenByCompiler":true},"lib/openzeppelin-contracts/contracts/token/ERC20/IERC20.sol":{"lastModificationDate":1729575267000,"contentHash":"df36f7051335cd1e748b1b6463b7fdd3","sourceName":"lib/openzeppelin-contracts/contracts/token/ERC20/IERC20.sol","compilerSettings":{"solc":{"optimizer":{"enabled":true,"runs":200},"metadata":{"useLiteralContent":false,"bytecodeHash":"ipfs","appendCBOR":true},"outputSelection":{"*":{"*":["abi","evm.bytecode","evm.deployedBytecode","evm.methodIdentifiers","metadata"]}},"evmVersion":"paris","viaIR":false,"libraries":{}},"vyper":{"evmVersion":"paris","outputSelection":{"*":{"*":["abi","evm.bytecode","evm.deployedBytecode"]}}}},"imports":[],"versionRequirement":"^0.8.0","artifacts":{"IERC20":{"0.8.24":{"path":"IERC20.sol/IERC20.json","build_id":"95e865ef98ea97ae28ffdcf43ae99af5"}}},"seenByCompiler":true},"lib/openzeppelin-contracts/contracts/token/ERC20/extensions/ERC20Permit.sol":{"lastModificationDate":1729575267000,"contentHash":"c8946432e6d37418cb12a15668e3c0cd","sourceName":"lib/openzeppelin-contracts/contracts/token/ERC20/extensions/ERC20Permit.sol","compilerSettings":{"solc":{"optimizer":{"enabled":true,"runs":200},"metadata":{"useLiteralContent":false,"bytecodeHash":"ipfs","appendCBOR":true},"outputSelection":{"*":{"*":["abi","evm.bytecode","evm.deployedBytecode","evm.methodIdentifiers","metadata"]}},"evmVersion":"paris","viaIR":false,"libraries":{}},"vyper":{"evmVersion":"paris","outputSelection":{"*":{"*":["abi","evm.bytecode","evm.deployedBytecode"]}}}},"imports":["lib/openzeppelin-contracts/contracts/interfaces/IERC5267.sol","lib/openzeppelin-contracts/contracts/token/ERC20/ERC20.sol","lib/openzeppelin-contracts/contracts/token/ERC20/IERC20.sol","lib/openzeppelin-contracts/contracts/token/ERC20/extensions/IERC20Metadata.sol","lib/openzeppelin-contracts/contracts/token/ERC20/extensions/IERC20Permit.sol","lib/openzeppelin-contracts/contracts/utils/Context.sol","lib/openzeppelin-contracts/contracts/utils/Counters.sol","lib/openzeppelin-contracts/contracts/utils/ShortStrings.sol","lib/openzeppelin-contracts/contracts/utils/StorageSlot.sol","lib/openzeppelin-contracts/contracts/utils/Strings.sol","lib/openzeppelin-contracts/contracts/utils/cryptography/ECDSA.sol","lib/openzeppelin-contracts/contracts/utils/cryptography/EIP712.sol","lib/openzeppelin-contracts/contracts/utils/math/Math.sol","lib/openzeppelin-contracts/contracts/utils/math/SignedMath.sol"],"versionRequirement":"^0.8.0","artifacts":{"ERC20Permit":{"0.8.24":{"path":"ERC20Permit.sol/ERC20Permit.json","build_id":"95e865ef98ea97ae28ffdcf43ae99af5"}}},"seenByCompiler":true},"lib/openzeppelin-contracts/contracts/token/ERC20/extensions/ERC20Votes.sol":{"lastModificationDate":1729575267000,"contentHash":"c093956f6e012e5967f5377362a91c23","sourceName":"lib/openzeppelin-contracts/contracts/token/ERC20/extensions/ERC20Votes.sol","compilerSettings":{"solc":{"optimizer":{"enabled":true,"runs":200},"metadata":{"useLiteralContent":false,"bytecodeHash":"ipfs","appendCBOR":true},"outputSelection":{"*":{"*":["abi","evm.bytecode","evm.deployedBytecode","evm.methodIdentifiers","metadata"]}},"evmVersion":"paris","viaIR":false,"libraries":{}},"vyper":{"evmVersion":"paris","outputSelection":{"*":{"*":["abi","evm.bytecode","evm.deployedBytecode"]}}}},"imports":["lib/openzeppelin-contracts/contracts/governance/utils/IVotes.sol","lib/openzeppelin-contracts/contracts/interfaces/IERC5267.sol","lib/openzeppelin-contracts/contracts/interfaces/IERC5805.sol","lib/openzeppelin-contracts/contracts/interfaces/IERC6372.sol","lib/openzeppelin-contracts/contracts/token/ERC20/ERC20.sol","lib/openzeppelin-contracts/contracts/token/ERC20/IERC20.sol","lib/openzeppelin-contracts/contracts/token/ERC20/extensions/ERC20Permit.sol","lib/openzeppelin-contracts/contracts/token/ERC20/extensions/IERC20Metadata.sol","lib/openzeppelin-contracts/contracts/token/ERC20/extensions/IERC20Permit.sol","lib/openzeppelin-contracts/contracts/utils/Context.sol","lib/openzeppelin-contracts/contracts/utils/Counters.sol","lib/openzeppelin-contracts/contracts/utils/ShortStrings.sol","lib/openzeppelin-contracts/contracts/utils/StorageSlot.sol","lib/openzeppelin-contracts/contracts/utils/Strings.sol","lib/openzeppelin-contracts/contracts/utils/cryptography/ECDSA.sol","lib/openzeppelin-contracts/contracts/utils/cryptography/EIP712.sol","lib/openzeppelin-contracts/contracts/utils/math/Math.sol","lib/openzeppelin-contracts/contracts/utils/math/SafeCast.sol","lib/openzeppelin-contracts/contracts/utils/math/SignedMath.sol"],"versionRequirement":"^0.8.0","artifacts":{"ERC20Votes":{"0.8.24":{"path":"ERC20Votes.sol/ERC20Votes.json","build_id":"95e865ef98ea97ae28ffdcf43ae99af5"}}},"seenByCompiler":true},"lib/openzeppelin-contracts/contracts/token/ERC20/extensions/IERC20Metadata.sol":{"lastModificationDate":1729575267000,"contentHash":"909ab67fc5c25033fe6cd364f8c056f9","sourceName":"lib/openzeppelin-contracts/contracts/token/ERC20/extensions/IERC20Metadata.sol","compilerSettings":{"solc":{"optimizer":{"enabled":true,"runs":200},"metadata":{"useLiteralContent":false,"bytecodeHash":"ipfs","appendCBOR":true},"outputSelection":{"*":{"*":["abi","evm.bytecode","evm.deployedBytecode","evm.methodIdentifiers","metadata"]}},"evmVersion":"paris","viaIR":false,"libraries":{}},"vyper":{"evmVersion":"paris","outputSelection":{"*":{"*":["abi","evm.bytecode","evm.deployedBytecode"]}}}},"imports":["lib/openzeppelin-contracts/contracts/token/ERC20/IERC20.sol"],"versionRequirement":"^0.8.0","artifacts":{"IERC20Metadata":{"0.8.24":{"path":"IERC20Metadata.sol/IERC20Metadata.json","build_id":"95e865ef98ea97ae28ffdcf43ae99af5"}}},"seenByCompiler":true},"lib/openzeppelin-contracts/contracts/token/ERC20/extensions/IERC20Permit.sol":{"lastModificationDate":1729575267000,"contentHash":"aa849939a4ae83a4dcb2dca9b3e9e707","sourceName":"lib/openzeppelin-contracts/contracts/token/ERC20/extensions/IERC20Permit.sol","compilerSettings":{"solc":{"optimizer":{"enabled":true,"runs":200},"metadata":{"useLiteralContent":false,"bytecodeHash":"ipfs","appendCBOR":true},"outputSelection":{"*":{"*":["abi","evm.bytecode","evm.deployedBytecode","evm.methodIdentifiers","metadata"]}},"evmVersion":"paris","viaIR":false,"libraries":{}},"vyper":{"evmVersion":"paris","outputSelection":{"*":{"*":["abi","evm.bytecode","evm.deployedBytecode"]}}}},"imports":[],"versionRequirement":"^0.8.0","artifacts":{"IERC20Permit":{"0.8.24":{"path":"IERC20Permit.sol/IERC20Permit.json","build_id":"95e865ef98ea97ae28ffdcf43ae99af5"}}},"seenByCompiler":true},"lib/openzeppelin-contracts/contracts/token/ERC20/extensions/draft-ERC20Permit.sol":{"lastModificationDate":1729575267000,"contentHash":"0ebe4a60af340ba617d3fb68db43c990","sourceName":"lib/openzeppelin-contracts/contracts/token/ERC20/extensions/draft-ERC20Permit.sol","compilerSettings":{"solc":{"optimizer":{"enabled":true,"runs":200},"metadata":{"useLiteralContent":false,"bytecodeHash":"ipfs","appendCBOR":true},"outputSelection":{"*":{"*":["abi","evm.bytecode","evm.deployedBytecode","evm.methodIdentifiers","metadata"]}},"evmVersion":"paris","viaIR":false,"libraries":{}},"vyper":{"evmVersion":"paris","outputSelection":{"*":{"*":["abi","evm.bytecode","evm.deployedBytecode"]}}}},"imports":["lib/openzeppelin-contracts/contracts/interfaces/IERC5267.sol","lib/openzeppelin-contracts/contracts/token/ERC20/ERC20.sol","lib/openzeppelin-contracts/contracts/token/ERC20/IERC20.sol","lib/openzeppelin-contracts/contracts/token/ERC20/extensions/ERC20Permit.sol","lib/openzeppelin-contracts/contracts/token/ERC20/extensions/IERC20Metadata.sol","lib/openzeppelin-contracts/contracts/token/ERC20/extensions/IERC20Permit.sol","lib/openzeppelin-contracts/contracts/utils/Context.sol","lib/openzeppelin-contracts/contracts/utils/Counters.sol","lib/openzeppelin-contracts/contracts/utils/ShortStrings.sol","lib/openzeppelin-contracts/contracts/utils/StorageSlot.sol","lib/openzeppelin-contracts/contracts/utils/Strings.sol","lib/openzeppelin-contracts/contracts/utils/cryptography/ECDSA.sol","lib/openzeppelin-contracts/contracts/utils/cryptography/EIP712.sol","lib/openzeppelin-contracts/contracts/utils/math/Math.sol","lib/openzeppelin-contracts/contracts/utils/math/SignedMath.sol"],"versionRequirement":"^0.8.0","artifacts":{},"seenByCompiler":true},"lib/openzeppelin-contracts/contracts/token/ERC721/IERC721Receiver.sol":{"lastModificationDate":1729575267000,"contentHash":"c22d4395e33763de693fd440c6fd10e1","sourceName":"lib/openzeppelin-contracts/contracts/token/ERC721/IERC721Receiver.sol","compilerSettings":{"solc":{"optimizer":{"enabled":true,"runs":200},"metadata":{"useLiteralContent":false,"bytecodeHash":"ipfs","appendCBOR":true},"outputSelection":{"*":{"*":["abi","evm.bytecode","evm.deployedBytecode","evm.methodIdentifiers","metadata"]}},"evmVersion":"paris","viaIR":false,"libraries":{}},"vyper":{"evmVersion":"paris","outputSelection":{"*":{"*":["abi","evm.bytecode","evm.deployedBytecode"]}}}},"imports":[],"versionRequirement":"^0.8.0","artifacts":{"IERC721Receiver":{"0.8.24":{"path":"IERC721Receiver.sol/IERC721Receiver.json","build_id":"95e865ef98ea97ae28ffdcf43ae99af5"}}},"seenByCompiler":true},"lib/openzeppelin-contracts/contracts/utils/Address.sol":{"lastModificationDate":1729575267000,"contentHash":"211ffd288c1588ba8c10eae668ca3c66","sourceName":"lib/openzeppelin-contracts/contracts/utils/Address.sol","compilerSettings":{"solc":{"optimizer":{"enabled":true,"runs":200},"metadata":{"useLiteralContent":false,"bytecodeHash":"ipfs","appendCBOR":true},"outputSelection":{"*":{"*":["abi","evm.bytecode","evm.deployedBytecode","evm.methodIdentifiers","metadata"]}},"evmVersion":"paris","viaIR":false,"libraries":{}},"vyper":{"evmVersion":"paris","outputSelection":{"*":{"*":["abi","evm.bytecode","evm.deployedBytecode"]}}}},"imports":[],"versionRequirement":"^0.8.1","artifacts":{"Address":{"0.8.24":{"path":"Address.sol/Address.json","build_id":"95e865ef98ea97ae28ffdcf43ae99af5"}}},"seenByCompiler":true},"lib/openzeppelin-contracts/contracts/utils/Checkpoints.sol":{"lastModificationDate":1729575267000,"contentHash":"92dd35130224b0240e03fdda054a6b77","sourceName":"lib/openzeppelin-contracts/contracts/utils/Checkpoints.sol","compilerSettings":{"solc":{"optimizer":{"enabled":true,"runs":200},"metadata":{"useLiteralContent":false,"bytecodeHash":"ipfs","appendCBOR":true},"outputSelection":{"*":{"*":["abi","evm.bytecode","evm.deployedBytecode","evm.methodIdentifiers","metadata"]}},"evmVersion":"paris","viaIR":false,"libraries":{}},"vyper":{"evmVersion":"paris","outputSelection":{"*":{"*":["abi","evm.bytecode","evm.deployedBytecode"]}}}},"imports":["lib/openzeppelin-contracts/contracts/utils/math/Math.sol","lib/openzeppelin-contracts/contracts/utils/math/SafeCast.sol"],"versionRequirement":"^0.8.0","artifacts":{"Checkpoints":{"0.8.24":{"path":"Checkpoints.sol/Checkpoints.json","build_id":"95e865ef98ea97ae28ffdcf43ae99af5"}}},"seenByCompiler":true},"lib/openzeppelin-contracts/contracts/utils/Context.sol":{"lastModificationDate":1729575267000,"contentHash":"5f2c5c4b6af2dd4551027144797bc8be","sourceName":"lib/openzeppelin-contracts/contracts/utils/Context.sol","compilerSettings":{"solc":{"optimizer":{"enabled":true,"runs":200},"metadata":{"useLiteralContent":false,"bytecodeHash":"ipfs","appendCBOR":true},"outputSelection":{"*":{"*":["abi","evm.bytecode","evm.deployedBytecode","evm.methodIdentifiers","metadata"]}},"evmVersion":"paris","viaIR":false,"libraries":{}},"vyper":{"evmVersion":"paris","outputSelection":{"*":{"*":["abi","evm.bytecode","evm.deployedBytecode"]}}}},"imports":[],"versionRequirement":"^0.8.0","artifacts":{"Context":{"0.8.24":{"path":"Context.sol/Context.json","build_id":"95e865ef98ea97ae28ffdcf43ae99af5"}}},"seenByCompiler":true},"lib/openzeppelin-contracts/contracts/utils/Counters.sol":{"lastModificationDate":1729575267000,"contentHash":"74654e3ae5d7f39555055dfe244dab7a","sourceName":"lib/openzeppelin-contracts/contracts/utils/Counters.sol","compilerSettings":{"solc":{"optimizer":{"enabled":true,"runs":200},"metadata":{"useLiteralContent":false,"bytecodeHash":"ipfs","appendCBOR":true},"outputSelection":{"*":{"*":["abi","evm.bytecode","evm.deployedBytecode","evm.methodIdentifiers","metadata"]}},"evmVersion":"paris","viaIR":false,"libraries":{}},"vyper":{"evmVersion":"paris","outputSelection":{"*":{"*":["abi","evm.bytecode","evm.deployedBytecode"]}}}},"imports":[],"versionRequirement":"^0.8.0","artifacts":{"Counters":{"0.8.24":{"path":"Counters.sol/Counters.json","build_id":"95e865ef98ea97ae28ffdcf43ae99af5"}}},"seenByCompiler":true},"lib/openzeppelin-contracts/contracts/utils/ShortStrings.sol":{"lastModificationDate":1729575267000,"contentHash":"8dde288da49722a70f34ee369be4bfba","sourceName":"lib/openzeppelin-contracts/contracts/utils/ShortStrings.sol","compilerSettings":{"solc":{"optimizer":{"enabled":true,"runs":200},"metadata":{"useLiteralContent":false,"bytecodeHash":"ipfs","appendCBOR":true},"outputSelection":{"*":{"*":["abi","evm.bytecode","evm.deployedBytecode","evm.methodIdentifiers","metadata"]}},"evmVersion":"paris","viaIR":false,"libraries":{}},"vyper":{"evmVersion":"paris","outputSelection":{"*":{"*":["abi","evm.bytecode","evm.deployedBytecode"]}}}},"imports":["lib/openzeppelin-contracts/contracts/utils/StorageSlot.sol"],"versionRequirement":"^0.8.8","artifacts":{"ShortStrings":{"0.8.24":{"path":"ShortStrings.sol/ShortStrings.json","build_id":"95e865ef98ea97ae28ffdcf43ae99af5"}}},"seenByCompiler":true},"lib/openzeppelin-contracts/contracts/utils/StorageSlot.sol":{"lastModificationDate":1729575267000,"contentHash":"682f7dd1f2e1147c8390e7575deceb2d","sourceName":"lib/openzeppelin-contracts/contracts/utils/StorageSlot.sol","compilerSettings":{"solc":{"optimizer":{"enabled":true,"runs":200},"metadata":{"useLiteralContent":false,"bytecodeHash":"ipfs","appendCBOR":true},"outputSelection":{"*":{"*":["abi","evm.bytecode","evm.deployedBytecode","evm.methodIdentifiers","metadata"]}},"evmVersion":"paris","viaIR":false,"libraries":{}},"vyper":{"evmVersion":"paris","outputSelection":{"*":{"*":["abi","evm.bytecode","evm.deployedBytecode"]}}}},"imports":[],"versionRequirement":"^0.8.0","artifacts":{"StorageSlot":{"0.8.24":{"path":"StorageSlot.sol/StorageSlot.json","build_id":"95e865ef98ea97ae28ffdcf43ae99af5"}}},"seenByCompiler":true},"lib/openzeppelin-contracts/contracts/utils/Strings.sol":{"lastModificationDate":1729575267000,"contentHash":"48686fc32a22a3754b8e63321857dd2a","sourceName":"lib/openzeppelin-contracts/contracts/utils/Strings.sol","compilerSettings":{"solc":{"optimizer":{"enabled":true,"runs":200},"metadata":{"useLiteralContent":false,"bytecodeHash":"ipfs","appendCBOR":true},"outputSelection":{"*":{"*":["abi","evm.bytecode","evm.deployedBytecode","evm.methodIdentifiers","metadata"]}},"evmVersion":"paris","viaIR":false,"libraries":{}},"vyper":{"evmVersion":"paris","outputSelection":{"*":{"*":["abi","evm.bytecode","evm.deployedBytecode"]}}}},"imports":["lib/openzeppelin-contracts/contracts/utils/math/Math.sol","lib/openzeppelin-contracts/contracts/utils/math/SignedMath.sol"],"versionRequirement":"^0.8.0","artifacts":{"Strings":{"0.8.24":{"path":"Strings.sol/Strings.json","build_id":"95e865ef98ea97ae28ffdcf43ae99af5"}}},"seenByCompiler":true},"lib/openzeppelin-contracts/contracts/utils/cryptography/ECDSA.sol":{"lastModificationDate":1729575267000,"contentHash":"d822a8a9468649cab463f29f5decf5cc","sourceName":"lib/openzeppelin-contracts/contracts/utils/cryptography/ECDSA.sol","compilerSettings":{"solc":{"optimizer":{"enabled":true,"runs":200},"metadata":{"useLiteralContent":false,"bytecodeHash":"ipfs","appendCBOR":true},"outputSelection":{"*":{"*":["abi","evm.bytecode","evm.deployedBytecode","evm.methodIdentifiers","metadata"]}},"evmVersion":"paris","viaIR":false,"libraries":{}},"vyper":{"evmVersion":"paris","outputSelection":{"*":{"*":["abi","evm.bytecode","evm.deployedBytecode"]}}}},"imports":["lib/openzeppelin-contracts/contracts/utils/Strings.sol","lib/openzeppelin-contracts/contracts/utils/math/Math.sol","lib/openzeppelin-contracts/contracts/utils/math/SignedMath.sol"],"versionRequirement":"^0.8.0","artifacts":{"ECDSA":{"0.8.24":{"path":"ECDSA.sol/ECDSA.json","build_id":"95e865ef98ea97ae28ffdcf43ae99af5"}}},"seenByCompiler":true},"lib/openzeppelin-contracts/contracts/utils/cryptography/EIP712.sol":{"lastModificationDate":1729575267000,"contentHash":"459aeb9cc3fc3c6d67d30ffefb724aba","sourceName":"lib/openzeppelin-contracts/contracts/utils/cryptography/EIP712.sol","compilerSettings":{"solc":{"optimizer":{"enabled":true,"runs":200},"metadata":{"useLiteralContent":false,"bytecodeHash":"ipfs","appendCBOR":true},"outputSelection":{"*":{"*":["abi","evm.bytecode","evm.deployedBytecode","evm.methodIdentifiers","metadata"]}},"evmVersion":"paris","viaIR":false,"libraries":{}},"vyper":{"evmVersion":"paris","outputSelection":{"*":{"*":["abi","evm.bytecode","evm.deployedBytecode"]}}}},"imports":["lib/openzeppelin-contracts/contracts/interfaces/IERC5267.sol","lib/openzeppelin-contracts/contracts/utils/ShortStrings.sol","lib/openzeppelin-contracts/contracts/utils/StorageSlot.sol","lib/openzeppelin-contracts/contracts/utils/Strings.sol","lib/openzeppelin-contracts/contracts/utils/cryptography/ECDSA.sol","lib/openzeppelin-contracts/contracts/utils/math/Math.sol","lib/openzeppelin-contracts/contracts/utils/math/SignedMath.sol"],"versionRequirement":"^0.8.8","artifacts":{"EIP712":{"0.8.24":{"path":"EIP712.sol/EIP712.json","build_id":"95e865ef98ea97ae28ffdcf43ae99af5"}}},"seenByCompiler":true},"lib/openzeppelin-contracts/contracts/utils/introspection/ERC165.sol":{"lastModificationDate":1729575267000,"contentHash":"0e7db055ce108f9da7bb6686a00287c0","sourceName":"lib/openzeppelin-contracts/contracts/utils/introspection/ERC165.sol","compilerSettings":{"solc":{"optimizer":{"enabled":true,"runs":200},"metadata":{"useLiteralContent":false,"bytecodeHash":"ipfs","appendCBOR":true},"outputSelection":{"*":{"*":["abi","evm.bytecode","evm.deployedBytecode","evm.methodIdentifiers","metadata"]}},"evmVersion":"paris","viaIR":false,"libraries":{}},"vyper":{"evmVersion":"paris","outputSelection":{"*":{"*":["abi","evm.bytecode","evm.deployedBytecode"]}}}},"imports":["lib/openzeppelin-contracts/contracts/utils/introspection/IERC165.sol"],"versionRequirement":"^0.8.0","artifacts":{"ERC165":{"0.8.24":{"path":"ERC165.sol/ERC165.json","build_id":"95e865ef98ea97ae28ffdcf43ae99af5"}}},"seenByCompiler":true},"lib/openzeppelin-contracts/contracts/utils/introspection/IERC165.sol":{"lastModificationDate":1729575267000,"contentHash":"03e6768535ac4da0e9756f1d8a4a018a","sourceName":"lib/openzeppelin-contracts/contracts/utils/introspection/IERC165.sol","compilerSettings":{"solc":{"optimizer":{"enabled":true,"runs":200},"metadata":{"useLiteralContent":false,"bytecodeHash":"ipfs","appendCBOR":true},"outputSelection":{"*":{"*":["abi","evm.bytecode","evm.deployedBytecode","evm.methodIdentifiers","metadata"]}},"evmVersion":"paris","viaIR":false,"libraries":{}},"vyper":{"evmVersion":"paris","outputSelection":{"*":{"*":["abi","evm.bytecode","evm.deployedBytecode"]}}}},"imports":[],"versionRequirement":"^0.8.0","artifacts":{"IERC165":{"0.8.24":{"path":"IERC165.sol/IERC165.json","build_id":"95e865ef98ea97ae28ffdcf43ae99af5"}}},"seenByCompiler":true},"lib/openzeppelin-contracts/contracts/utils/math/Math.sol":{"lastModificationDate":1729575267000,"contentHash":"fe63409d8a06818b926cf89e0ea88b1b","sourceName":"lib/openzeppelin-contracts/contracts/utils/math/Math.sol","compilerSettings":{"solc":{"optimizer":{"enabled":true,"runs":200},"metadata":{"useLiteralContent":false,"bytecodeHash":"ipfs","appendCBOR":true},"outputSelection":{"*":{"*":["abi","evm.bytecode","evm.deployedBytecode","evm.methodIdentifiers","metadata"]}},"evmVersion":"paris","viaIR":false,"libraries":{}},"vyper":{"evmVersion":"paris","outputSelection":{"*":{"*":["abi","evm.bytecode","evm.deployedBytecode"]}}}},"imports":[],"versionRequirement":"^0.8.0","artifacts":{"Math":{"0.8.24":{"path":"Math.sol/Math.json","build_id":"95e865ef98ea97ae28ffdcf43ae99af5"}}},"seenByCompiler":true},"lib/openzeppelin-contracts/contracts/utils/math/SafeCast.sol":{"lastModificationDate":1729575267000,"contentHash":"67cf2dfe1d1c22b4ea7f242e8a17f431","sourceName":"lib/openzeppelin-contracts/contracts/utils/math/SafeCast.sol","compilerSettings":{"solc":{"optimizer":{"enabled":true,"runs":200},"metadata":{"useLiteralContent":false,"bytecodeHash":"ipfs","appendCBOR":true},"outputSelection":{"*":{"*":["abi","evm.bytecode","evm.deployedBytecode","evm.methodIdentifiers","metadata"]}},"evmVersion":"paris","viaIR":false,"libraries":{}},"vyper":{"evmVersion":"paris","outputSelection":{"*":{"*":["abi","evm.bytecode","evm.deployedBytecode"]}}}},"imports":[],"versionRequirement":"^0.8.0","artifacts":{"SafeCast":{"0.8.24":{"path":"SafeCast.sol/SafeCast.json","build_id":"95e865ef98ea97ae28ffdcf43ae99af5"}}},"seenByCompiler":true},"lib/openzeppelin-contracts/contracts/utils/math/SignedMath.sol":{"lastModificationDate":1729575267000,"contentHash":"9488ebd4daacfee8ad04811600d7d061","sourceName":"lib/openzeppelin-contracts/contracts/utils/math/SignedMath.sol","compilerSettings":{"solc":{"optimizer":{"enabled":true,"runs":200},"metadata":{"useLiteralContent":false,"bytecodeHash":"ipfs","appendCBOR":true},"outputSelection":{"*":{"*":["abi","evm.bytecode","evm.deployedBytecode","evm.methodIdentifiers","metadata"]}},"evmVersion":"paris","viaIR":false,"libraries":{}},"vyper":{"evmVersion":"paris","outputSelection":{"*":{"*":["abi","evm.bytecode","evm.deployedBytecode"]}}}},"imports":[],"versionRequirement":"^0.8.0","artifacts":{"SignedMath":{"0.8.24":{"path":"SignedMath.sol/SignedMath.json","build_id":"95e865ef98ea97ae28ffdcf43ae99af5"}}},"seenByCompiler":true},"lib/openzeppelin-contracts/contracts/utils/structs/DoubleEndedQueue.sol":{"lastModificationDate":1729575267000,"contentHash":"deae946483c170d1eae667c9e35c2f5f","sourceName":"lib/openzeppelin-contracts/contracts/utils/structs/DoubleEndedQueue.sol","compilerSettings":{"solc":{"optimizer":{"enabled":true,"runs":200},"metadata":{"useLiteralContent":false,"bytecodeHash":"ipfs","appendCBOR":true},"outputSelection":{"*":{"*":["abi","evm.bytecode","evm.deployedBytecode","evm.methodIdentifiers","metadata"]}},"evmVersion":"paris","viaIR":false,"libraries":{}},"vyper":{"evmVersion":"paris","outputSelection":{"*":{"*":["abi","evm.bytecode","evm.deployedBytecode"]}}}},"imports":["lib/openzeppelin-contracts/contracts/utils/math/SafeCast.sol"],"versionRequirement":"^0.8.4","artifacts":{"DoubleEndedQueue":{"0.8.24":{"path":"DoubleEndedQueue.sol/DoubleEndedQueue.json","build_id":"95e865ef98ea97ae28ffdcf43ae99af5"}}},"seenByCompiler":true},"script/Counter.s.sol":{"lastModificationDate":1731503796753,"contentHash":"54b09f8b4982292fcfe9da5e6189153d","sourceName":"script/Counter.s.sol","compilerSettings":{"solc":{"optimizer":{"enabled":true,"runs":200},"metadata":{"useLiteralContent":false,"bytecodeHash":"ipfs","appendCBOR":true},"outputSelection":{"*":{"*":["abi","evm.bytecode","evm.deployedBytecode","evm.methodIdentifiers","metadata"]}},"evmVersion":"paris","viaIR":false,"libraries":{}},"vyper":{"evmVersion":"paris","outputSelection":{"*":{"*":["abi","evm.bytecode","evm.deployedBytecode"]}}}},"imports":["lib/forge-std/src/Base.sol","lib/forge-std/src/Script.sol","lib/forge-std/src/StdChains.sol","lib/forge-std/src/StdCheats.sol","lib/forge-std/src/StdJson.sol","lib/forge-std/src/StdMath.sol","lib/forge-std/src/StdStorage.sol","lib/forge-std/src/StdUtils.sol","lib/forge-std/src/Vm.sol","lib/forge-std/src/console.sol","lib/forge-std/src/console2.sol","lib/forge-std/src/interfaces/IMulticall3.sol","lib/openzeppelin-contracts/contracts/access/AccessControl.sol","lib/openzeppelin-contracts/contracts/access/IAccessControl.sol","lib/openzeppelin-contracts/contracts/access/Ownable.sol","lib/openzeppelin-contracts/contracts/governance/Governor.sol","lib/openzeppelin-contracts/contracts/governance/IGovernor.sol","lib/openzeppelin-contracts/contracts/governance/TimelockController.sol","lib/openzeppelin-contracts/contracts/governance/extensions/GovernorCountingSimple.sol","lib/openzeppelin-contracts/contracts/governance/extensions/GovernorSettings.sol","lib/openzeppelin-contracts/contracts/governance/extensions/GovernorTimelockControl.sol","lib/openzeppelin-contracts/contracts/governance/extensions/GovernorVotes.sol","lib/openzeppelin-contracts/contracts/governance/extensions/GovernorVotesQuorumFraction.sol","lib/openzeppelin-contracts/contracts/governance/extensions/IGovernorTimelock.sol","lib/openzeppelin-contracts/contracts/governance/utils/IVotes.sol","lib/openzeppelin-contracts/contracts/interfaces/IERC165.sol","lib/openzeppelin-contracts/contracts/interfaces/IERC5267.sol","lib/openzeppelin-contracts/contracts/interfaces/IERC5805.sol","lib/openzeppelin-contracts/contracts/interfaces/IERC6372.sol","lib/openzeppelin-contracts/contracts/token/ERC1155/IERC1155Receiver.sol","lib/openzeppelin-contracts/contracts/token/ERC20/ERC20.sol","lib/openzeppelin-contracts/contracts/token/ERC20/IERC20.sol","lib/openzeppelin-contracts/contracts/token/ERC20/extensions/ERC20Permit.sol","lib/openzeppelin-contracts/contracts/token/ERC20/extensions/ERC20Votes.sol","lib/openzeppelin-contracts/contracts/token/ERC20/extensions/IERC20Metadata.sol","lib/openzeppelin-contracts/contracts/token/ERC20/extensions/IERC20Permit.sol","lib/openzeppelin-contracts/contracts/token/ERC20/extensions/draft-ERC20Permit.sol","lib/openzeppelin-contracts/contracts/token/ERC721/IERC721Receiver.sol","lib/openzeppelin-contracts/contracts/utils/Address.sol","lib/openzeppelin-contracts/contracts/utils/Checkpoints.sol","lib/openzeppelin-contracts/contracts/utils/Context.sol","lib/openzeppelin-contracts/contracts/utils/Counters.sol","lib/openzeppelin-contracts/contracts/utils/ShortStrings.sol","lib/openzeppelin-contracts/contracts/utils/StorageSlot.sol","lib/openzeppelin-contracts/contracts/utils/Strings.sol","lib/openzeppelin-contracts/contracts/utils/cryptography/ECDSA.sol","lib/openzeppelin-contracts/contracts/utils/cryptography/EIP712.sol","lib/openzeppelin-contracts/contracts/utils/introspection/ERC165.sol","lib/openzeppelin-contracts/contracts/utils/introspection/IERC165.sol","lib/openzeppelin-contracts/contracts/utils/math/Math.sol","lib/openzeppelin-contracts/contracts/utils/math/SafeCast.sol","lib/openzeppelin-contracts/contracts/utils/math/SignedMath.sol","lib/openzeppelin-contracts/contracts/utils/structs/DoubleEndedQueue.sol","src/GovToken.sol","src/Instadapp.sol","src/Instken.sol","src/MyGovernor.sol","src/TimeLock.sol"],"versionRequirement":"^0.8.13","artifacts":{"Counter":{"0.8.24":{"path":"Counter.s.sol/Counter.json","build_id":"0a210d1b18004108c5f02189258f86e0"}}},"seenByCompiler":true},"src/Box.sol":{"lastModificationDate":1729575267000,"contentHash":"0a5e8d7c5968c5bb2e2509020fbf11b5","sourceName":"src/Box.sol","compilerSettings":{"solc":{"optimizer":{"enabled":true,"runs":200},"metadata":{"useLiteralContent":false,"bytecodeHash":"ipfs","appendCBOR":true},"outputSelection":{"*":{"*":["abi","evm.bytecode","evm.deployedBytecode","evm.methodIdentifiers","metadata"]}},"evmVersion":"paris","viaIR":false,"libraries":{}},"vyper":{"evmVersion":"paris","outputSelection":{"*":{"*":["abi","evm.bytecode","evm.deployedBytecode"]}}}},"imports":["lib/openzeppelin-contracts/contracts/access/Ownable.sol","lib/openzeppelin-contracts/contracts/utils/Context.sol"],"versionRequirement":"^0.8.19","artifacts":{"Box":{"0.8.24":{"path":"Box.sol/Box.json","build_id":"95e865ef98ea97ae28ffdcf43ae99af5"}}},"seenByCompiler":true},"src/GovToken.sol":{"lastModificationDate":1729575267000,"contentHash":"254f24ea666515f85ad1923210bdc3fc","sourceName":"src/GovToken.sol","compilerSettings":{"solc":{"optimizer":{"enabled":true,"runs":200},"metadata":{"useLiteralContent":false,"bytecodeHash":"ipfs","appendCBOR":true},"outputSelection":{"*":{"*":["abi","evm.bytecode","evm.deployedBytecode","evm.methodIdentifiers","metadata"]}},"evmVersion":"paris","viaIR":false,"libraries":{}},"vyper":{"evmVersion":"paris","outputSelection":{"*":{"*":["abi","evm.bytecode","evm.deployedBytecode"]}}}},"imports":["lib/openzeppelin-contracts/contracts/governance/utils/IVotes.sol","lib/openzeppelin-contracts/contracts/interfaces/IERC5267.sol","lib/openzeppelin-contracts/contracts/interfaces/IERC5805.sol","lib/openzeppelin-contracts/contracts/interfaces/IERC6372.sol","lib/openzeppelin-contracts/contracts/token/ERC20/ERC20.sol","lib/openzeppelin-contracts/contracts/token/ERC20/IERC20.sol","lib/openzeppelin-contracts/contracts/token/ERC20/extensions/ERC20Permit.sol","lib/openzeppelin-contracts/contracts/token/ERC20/extensions/ERC20Votes.sol","lib/openzeppelin-contracts/contracts/token/ERC20/extensions/IERC20Metadata.sol","lib/openzeppelin-contracts/contracts/token/ERC20/extensions/IERC20Permit.sol","lib/openzeppelin-contracts/contracts/token/ERC20/extensions/draft-ERC20Permit.sol","lib/openzeppelin-contracts/contracts/utils/Context.sol","lib/openzeppelin-contracts/contracts/utils/Counters.sol","lib/openzeppelin-contracts/contracts/utils/ShortStrings.sol","lib/openzeppelin-contracts/contracts/utils/StorageSlot.sol","lib/openzeppelin-contracts/contracts/utils/Strings.sol","lib/openzeppelin-contracts/contracts/utils/cryptography/ECDSA.sol","lib/openzeppelin-contracts/contracts/utils/cryptography/EIP712.sol","lib/openzeppelin-contracts/contracts/utils/math/Math.sol","lib/openzeppelin-contracts/contracts/utils/math/SafeCast.sol","lib/openzeppelin-contracts/contracts/utils/math/SignedMath.sol"],"versionRequirement":"^0.8.19","artifacts":{"GovToken":{"0.8.24":{"path":"GovToken.sol/GovToken.json","build_id":"95e865ef98ea97ae28ffdcf43ae99af5"}}},"seenByCompiler":true},"src/Instadapp.sol":{"lastModificationDate":1731531912732,"contentHash":"3d9d129cda4f474c2fc91b67b27d8b57","sourceName":"src/Instadapp.sol","compilerSettings":{"solc":{"optimizer":{"enabled":true,"runs":200},"metadata":{"useLiteralContent":false,"bytecodeHash":"ipfs","appendCBOR":true},"outputSelection":{"*":{"*":["abi","evm.bytecode","evm.deployedBytecode","evm.methodIdentifiers","metadata"]}},"evmVersion":"paris","viaIR":false,"libraries":{}},"vyper":{"evmVersion":"paris","outputSelection":{"*":{"*":["abi","evm.bytecode","evm.deployedBytecode"]}}}},"imports":["lib/forge-std/src/console.sol","lib/openzeppelin-contracts/contracts/access/Ownable.sol","lib/openzeppelin-contracts/contracts/token/ERC20/ERC20.sol","lib/openzeppelin-contracts/contracts/token/ERC20/IERC20.sol","lib/openzeppelin-contracts/contracts/token/ERC20/extensions/IERC20Metadata.sol","lib/openzeppelin-contracts/contracts/utils/Context.sol","src/Instken.sol"],"versionRequirement":"^0.8.20","artifacts":{"Instadapp":{"0.8.24":{"path":"Instadapp.sol/Instadapp.json","build_id":"c442f9d06c2ebfdcdc22d86de77cc8bc"}}},"seenByCompiler":true},"src/Instken.sol":{"lastModificationDate":1730886669845,"contentHash":"a60f8d2b4ccdbb1de4c7b268e4ad737e","sourceName":"src/Instken.sol","compilerSettings":{"solc":{"optimizer":{"enabled":true,"runs":200},"metadata":{"useLiteralContent":false,"bytecodeHash":"ipfs","appendCBOR":true},"outputSelection":{"*":{"*":["abi","evm.bytecode","evm.deployedBytecode","evm.methodIdentifiers","metadata"]}},"evmVersion":"paris","viaIR":false,"libraries":{}},"vyper":{"evmVersion":"paris","outputSelection":{"*":{"*":["abi","evm.bytecode","evm.deployedBytecode"]}}}},"imports":["lib/openzeppelin-contracts/contracts/access/Ownable.sol","lib/openzeppelin-contracts/contracts/token/ERC20/ERC20.sol","lib/openzeppelin-contracts/contracts/token/ERC20/IERC20.sol","lib/openzeppelin-contracts/contracts/token/ERC20/extensions/IERC20Metadata.sol","lib/openzeppelin-contracts/contracts/utils/Context.sol"],"versionRequirement":"^0.8.20","artifacts":{"Instken":{"0.8.24":{"path":"Instken.sol/Instken.json","build_id":"95e865ef98ea97ae28ffdcf43ae99af5"}}},"seenByCompiler":true},"src/MyGovernor.sol":{"lastModificationDate":1729575267000,"contentHash":"223d0163d7bee588fec8d43c4bb3e87e","sourceName":"src/MyGovernor.sol","compilerSettings":{"solc":{"optimizer":{"enabled":true,"runs":200},"metadata":{"useLiteralContent":false,"bytecodeHash":"ipfs","appendCBOR":true},"outputSelection":{"*":{"*":["abi","evm.bytecode","evm.deployedBytecode","evm.methodIdentifiers","metadata"]}},"evmVersion":"paris","viaIR":false,"libraries":{}},"vyper":{"evmVersion":"paris","outputSelection":{"*":{"*":["abi","evm.bytecode","evm.deployedBytecode"]}}}},"imports":["lib/openzeppelin-contracts/contracts/access/AccessControl.sol","lib/openzeppelin-contracts/contracts/access/IAccessControl.sol","lib/openzeppelin-contracts/contracts/governance/Governor.sol","lib/openzeppelin-contracts/contracts/governance/IGovernor.sol","lib/openzeppelin-contracts/contracts/governance/TimelockController.sol","lib/openzeppelin-contracts/contracts/governance/extensions/GovernorCountingSimple.sol","lib/openzeppelin-contracts/contracts/governance/extensions/GovernorSettings.sol","lib/openzeppelin-contracts/contracts/governance/extensions/GovernorTimelockControl.sol","lib/openzeppelin-contracts/contracts/governance/extensions/GovernorVotes.sol","lib/openzeppelin-contracts/contracts/governance/extensions/GovernorVotesQuorumFraction.sol","lib/openzeppelin-contracts/contracts/governance/extensions/IGovernorTimelock.sol","lib/openzeppelin-contracts/contracts/governance/utils/IVotes.sol","lib/openzeppelin-contracts/contracts/interfaces/IERC165.sol","lib/openzeppelin-contracts/contracts/interfaces/IERC5267.sol","lib/openzeppelin-contracts/contracts/interfaces/IERC5805.sol","lib/openzeppelin-contracts/contracts/interfaces/IERC6372.sol","lib/openzeppelin-contracts/contracts/token/ERC1155/IERC1155Receiver.sol","lib/openzeppelin-contracts/contracts/token/ERC721/IERC721Receiver.sol","lib/openzeppelin-contracts/contracts/utils/Address.sol","lib/openzeppelin-contracts/contracts/utils/Checkpoints.sol","lib/openzeppelin-contracts/contracts/utils/Context.sol","lib/openzeppelin-contracts/contracts/utils/ShortStrings.sol","lib/openzeppelin-contracts/contracts/utils/StorageSlot.sol","lib/openzeppelin-contracts/contracts/utils/Strings.sol","lib/openzeppelin-contracts/contracts/utils/cryptography/ECDSA.sol","lib/openzeppelin-contracts/contracts/utils/cryptography/EIP712.sol","lib/openzeppelin-contracts/contracts/utils/introspection/ERC165.sol","lib/openzeppelin-contracts/contracts/utils/introspection/IERC165.sol","lib/openzeppelin-contracts/contracts/utils/math/Math.sol","lib/openzeppelin-contracts/contracts/utils/math/SafeCast.sol","lib/openzeppelin-contracts/contracts/utils/math/SignedMath.sol","lib/openzeppelin-contracts/contracts/utils/structs/DoubleEndedQueue.sol"],"versionRequirement":"^0.8.19","artifacts":{"MyGovernor":{"0.8.24":{"path":"MyGovernor.sol/MyGovernor.json","build_id":"95e865ef98ea97ae28ffdcf43ae99af5"}}},"seenByCompiler":true},"src/TimeLock.sol":{"lastModificationDate":1729575267000,"contentHash":"4184fb7d426490421fbf5dbff7ba0559","sourceName":"src/TimeLock.sol","compilerSettings":{"solc":{"optimizer":{"enabled":true,"runs":200},"metadata":{"useLiteralContent":false,"bytecodeHash":"ipfs","appendCBOR":true},"outputSelection":{"*":{"*":["abi","evm.bytecode","evm.deployedBytecode","evm.methodIdentifiers","metadata"]}},"evmVersion":"paris","viaIR":false,"libraries":{}},"vyper":{"evmVersion":"paris","outputSelection":{"*":{"*":["abi","evm.bytecode","evm.deployedBytecode"]}}}},"imports":["lib/openzeppelin-contracts/contracts/access/AccessControl.sol","lib/openzeppelin-contracts/contracts/access/IAccessControl.sol","lib/openzeppelin-contracts/contracts/governance/TimelockController.sol","lib/openzeppelin-contracts/contracts/token/ERC1155/IERC1155Receiver.sol","lib/openzeppelin-contracts/contracts/token/ERC721/IERC721Receiver.sol","lib/openzeppelin-contracts/contracts/utils/Context.sol","lib/openzeppelin-contracts/contracts/utils/Strings.sol","lib/openzeppelin-contracts/contracts/utils/introspection/ERC165.sol","lib/openzeppelin-contracts/contracts/utils/introspection/IERC165.sol","lib/openzeppelin-contracts/contracts/utils/math/Math.sol","lib/openzeppelin-contracts/contracts/utils/math/SignedMath.sol"],"versionRequirement":"^0.8.0","artifacts":{"TimeLock":{"0.8.24":{"path":"TimeLock.sol/TimeLock.json","build_id":"95e865ef98ea97ae28ffdcf43ae99af5"}}},"seenByCompiler":true},"test/MyGovernorTest.t.sol":{"lastModificationDate":1731531949675,"contentHash":"bf3a55bfb314c635126163c370a068e1","sourceName":"test/MyGovernorTest.t.sol","compilerSettings":{"solc":{"optimizer":{"enabled":true,"runs":200},"metadata":{"useLiteralContent":false,"bytecodeHash":"ipfs","appendCBOR":true},"outputSelection":{"*":{"*":["abi","evm.bytecode","evm.deployedBytecode","evm.methodIdentifiers","metadata"]}},"evmVersion":"paris","viaIR":false,"libraries":{}},"vyper":{"evmVersion":"paris","outputSelection":{"*":{"*":["abi","evm.bytecode","evm.deployedBytecode"]}}}},"imports":["lib/forge-std/lib/ds-test/src/test.sol","lib/forge-std/src/Base.sol","lib/forge-std/src/StdAssertions.sol","lib/forge-std/src/StdChains.sol","lib/forge-std/src/StdCheats.sol","lib/forge-std/src/StdError.sol","lib/forge-std/src/StdInvariant.sol","lib/forge-std/src/StdJson.sol","lib/forge-std/src/StdMath.sol","lib/forge-std/src/StdStorage.sol","lib/forge-std/src/StdStyle.sol","lib/forge-std/src/StdUtils.sol","lib/forge-std/src/Test.sol","lib/forge-std/src/Vm.sol","lib/forge-std/src/console.sol","lib/forge-std/src/console2.sol","lib/forge-std/src/interfaces/IMulticall3.sol","lib/openzeppelin-contracts/contracts/access/AccessControl.sol","lib/openzeppelin-contracts/contracts/access/IAccessControl.sol","lib/openzeppelin-contracts/contracts/access/Ownable.sol","lib/openzeppelin-contracts/contracts/governance/Governor.sol","lib/openzeppelin-contracts/contracts/governance/IGovernor.sol","lib/openzeppelin-contracts/contracts/governance/TimelockController.sol","lib/openzeppelin-contracts/contracts/governance/extensions/GovernorCountingSimple.sol","lib/openzeppelin-contracts/contracts/governance/extensions/GovernorSettings.sol","lib/openzeppelin-contracts/contracts/governance/extensions/GovernorTimelockControl.sol","lib/openzeppelin-contracts/contracts/governance/extensions/GovernorVotes.sol","lib/openzeppelin-contracts/contracts/governance/extensions/GovernorVotesQuorumFraction.sol","lib/openzeppelin-contracts/contracts/governance/extensions/IGovernorTimelock.sol","lib/openzeppelin-contracts/contracts/governance/utils/IVotes.sol","lib/openzeppelin-contracts/contracts/interfaces/IERC165.sol","lib/openzeppelin-contracts/contracts/interfaces/IERC5267.sol","lib/openzeppelin-contracts/contracts/interfaces/IERC5805.sol","lib/openzeppelin-contracts/contracts/interfaces/IERC6372.sol","lib/openzeppelin-contracts/contracts/token/ERC1155/IERC1155Receiver.sol","lib/openzeppelin-contracts/contracts/token/ERC20/ERC20.sol","lib/openzeppelin-contracts/contracts/token/ERC20/IERC20.sol","lib/openzeppelin-contracts/contracts/token/ERC20/extensions/ERC20Permit.sol","lib/openzeppelin-contracts/contracts/token/ERC20/extensions/ERC20Votes.sol","lib/openzeppelin-contracts/contracts/token/ERC20/extensions/IERC20Metadata.sol","lib/openzeppelin-contracts/contracts/token/ERC20/extensions/IERC20Permit.sol","lib/openzeppelin-contracts/contracts/token/ERC20/extensions/draft-ERC20Permit.sol","lib/openzeppelin-contracts/contracts/token/ERC721/IERC721Receiver.sol","lib/openzeppelin-contracts/contracts/utils/Address.sol","lib/openzeppelin-contracts/contracts/utils/Checkpoints.sol","lib/openzeppelin-contracts/contracts/utils/Context.sol","lib/openzeppelin-contracts/contracts/utils/Counters.sol","lib/openzeppelin-contracts/contracts/utils/ShortStrings.sol","lib/openzeppelin-contracts/contracts/utils/StorageSlot.sol","lib/openzeppelin-contracts/contracts/utils/Strings.sol","lib/openzeppelin-contracts/contracts/utils/cryptography/ECDSA.sol","lib/openzeppelin-contracts/contracts/utils/cryptography/EIP712.sol","lib/openzeppelin-contracts/contracts/utils/introspection/ERC165.sol","lib/openzeppelin-contracts/contracts/utils/introspection/IERC165.sol","lib/openzeppelin-contracts/contracts/utils/math/Math.sol","lib/openzeppelin-contracts/contracts/utils/math/SafeCast.sol","lib/openzeppelin-contracts/contracts/utils/math/SignedMath.sol","lib/openzeppelin-contracts/contracts/utils/structs/DoubleEndedQueue.sol","src/Box.sol","src/GovToken.sol","src/Instadapp.sol","src/Instken.sol","src/MyGovernor.sol","src/TimeLock.sol"],"versionRequirement":"^0.8.19","artifacts":{"MyGovernorTest":{"0.8.24":{"path":"MyGovernorTest.t.sol/MyGovernorTest.json","build_id":"c442f9d06c2ebfdcdc22d86de77cc8bc"}}},"seenByCompiler":true}},"builds":["0a210d1b18004108c5f02189258f86e0","95e865ef98ea97ae28ffdcf43ae99af5","bc2b90140839e17be6afc03f8f7e2764","c442f9d06c2ebfdcdc22d86de77cc8bc"]}